# Blender 4.5.10 LTS
# www.blender.org
o Cube.001
v -1.000000 -1.000000 1.000000
v -1.000000 1.000000 1.000000
v -1.000000 -1.000000 -1.000000
v -1.000000 1.000000 -1.000000
v 1.000000 -1.000000 1.000000
v 1.000000 1.000000 1.000000
v 1.000000 -1.000000 -1.000000
v 1.000000 1.000000 -1.000000
v -1.000000 -1.000000 -0.923077
v -1.000000 -1.000000 -0.846154
v -1.000000 -1.000000 -0.769231
v -1.000000 -1.000000 -0.692308
v -1.000000 -1.000000 -0.615385
v -1.000000 -1.000000 -0.538462
v -1.000000 -1.000000 -0.461538
v -1.000000 -1.000000 -0.384615
v -1.000000 -1.000000 -0.307692
v -1.000000 -1.000000 -0.230769
v -1.000000 -1.000000 -0.153846
v -1.000000 -1.000000 -0.076923
v -1.000000 -1.000000 -0.000000
v -1.000000 -1.000000 0.076923
v -1.000000 -1.000000 0.153846
v -1.000000 -1.000000 0.230769
v -1.000000 -1.000000 0.307692
v -1.000000 -1.000000 0.384615
v -1.000000 -1.000000 0.461538
v -1.000000 -1.000000 0.538462
v -1.000000 -1.000000 0.615385
v -1.000000 -1.000000 0.692308
v -1.000000 -1.000000 0.769231
v -1.000000 -1.000000 0.846154
v -1.000000 -1.000000 0.923077
v -1.000000 1.000000 0.923077
v -1.000000 1.000000 0.846154
v -1.000000 1.000000 0.769231
v -1.000000 1.000000 0.692308
v -1.000000 1.000000 0.615385
v -1.000000 1.000000 0.538462
v -1.000000 1.000000 0.461538
v -1.000000 1.000000 0.384615
v -1.000000 1.000000 0.307692
v -1.000000 1.000000 0.230769
v -1.000000 1.000000 0.153846
v -1.000000 1.000000 0.076923
v -1.000000 1.000000 0.000000
v -1.000000 1.000000 -0.076923
v -1.000000 1.000000 -0.153846
v -1.000000 1.000000 -0.230769
v -1.000000 1.000000 -0.307692
v -1.000000 1.000000 -0.384615
v -1.000000 1.000000 -0.461538
v -1.000000 1.000000 -0.538462
v -1.000000 1.000000 -0.615385
v -1.000000 1.000000 -0.692308
v -1.000000 1.000000 -0.769231
v -1.000000 1.000000 -0.846154
v -1.000000 1.000000 -0.923077
v 1.000000 -1.000000 0.923077
v 1.000000 -1.000000 0.846154
v 1.000000 -1.000000 0.769231
v 1.000000 -1.000000 0.692308
v 1.000000 -1.000000 0.615385
v 1.000000 -1.000000 0.538462
v 1.000000 -1.000000 0.461538
v 1.000000 -1.000000 0.384615
v 1.000000 -1.000000 0.307692
v 1.000000 -1.000000 0.230769
v 1.000000 -1.000000 0.153846
v 1.000000 -1.000000 0.076923
v 1.000000 -1.000000 0.000000
v 1.000000 -1.000000 -0.076923
v 1.000000 -1.000000 -0.153846
v 1.000000 -1.000000 -0.230769
v 1.000000 -1.000000 -0.307692
v 1.000000 -1.000000 -0.384615
v 1.000000 -1.000000 -0.461538
v 1.000000 -1.000000 -0.538462
v 1.000000 -1.000000 -0.615385
v 1.000000 -1.000000 -0.692308
v 1.000000 -1.000000 -0.769231
v 1.000000 -1.000000 -0.846154
v 1.000000 -1.000000 -0.923077
v 1.000000 1.000000 -0.923077
v 1.000000 1.000000 -0.846154
v 1.000000 1.000000 -0.769231
v 1.000000 1.000000 -0.692308
v 1.000000 1.000000 -0.615385
v 1.000000 1.000000 -0.538462
v 1.000000 1.000000 -0.461538
v 1.000000 1.000000 -0.384615
v 1.000000 1.000000 -0.307692
v 1.000000 1.000000 -0.230769
v 1.000000 1.000000 -0.153846
v 1.000000 1.000000 -0.076923
v 1.000000 1.000000 -0.000000
v 1.000000 1.000000 0.076923
v 1.000000 1.000000 0.153846
v 1.000000 1.000000 0.230769
v 1.000000 1.000000 0.307692
v 1.000000 1.000000 0.384615
v 1.000000 1.000000 0.461538
v 1.000000 1.000000 0.538462
v 1.000000 1.000000 0.615385
v 1.000000 1.000000 0.692308
v 1.000000 1.000000 0.769231
v 1.000000 1.000000 0.846154
v 1.000000 1.000000 0.923077
v -1.000000 -0.923077 1.000000
v -1.000000 -0.846154 1.000000
v -1.000000 -0.769231 1.000000
v -1.000000 -0.692308 1.000000
v -1.000000 -0.615385 1.000000
v -1.000000 -0.538462 1.000000
v -1.000000 -0.461538 1.000000
v -1.000000 -0.384615 1.000000
v -1.000000 -0.307692 1.000000
v -1.000000 -0.230769 1.000000
v -1.000000 -0.153846 1.000000
v -1.000000 -0.076923 1.000000
v -1.000000 -0.000000 1.000000
v -1.000000 0.076923 1.000000
v -1.000000 0.153846 1.000000
v -1.000000 0.230769 1.000000
v -1.000000 0.307692 1.000000
v -1.000000 0.384615 1.000000
v -1.000000 0.461538 1.000000
v -1.000000 0.538462 1.000000
v -1.000000 0.615385 1.000000
v -1.000000 0.692308 1.000000
v -1.000000 0.769231 1.000000
v -1.000000 0.846154 1.000000
v -1.000000 0.923077 1.000000
v -1.000000 0.923077 -1.000000
v -1.000000 0.846154 -1.000000
v -1.000000 0.769231 -1.000000
v -1.000000 0.692308 -1.000000
v -1.000000 0.615385 -1.000000
v -1.000000 0.538462 -1.000000
v -1.000000 0.461538 -1.000000
v -1.000000 0.384615 -1.000000
v -1.000000 0.307692 -1.000000
v -1.000000 0.230769 -1.000000
v -1.000000 0.153846 -1.000000
v -1.000000 0.076923 -1.000000
v -1.000000 0.000000 -1.000000
v -1.000000 -0.076923 -1.000000
v -1.000000 -0.153846 -1.000000
v -1.000000 -0.230769 -1.000000
v -1.000000 -0.307692 -1.000000
v -1.000000 -0.384615 -1.000000
v -1.000000 -0.461538 -1.000000
v -1.000000 -0.538462 -1.000000
v -1.000000 -0.615385 -1.000000
v -1.000000 -0.692308 -1.000000
v -1.000000 -0.769231 -1.000000
v -1.000000 -0.846154 -1.000000
v -1.000000 -0.923077 -1.000000
v 1.000000 0.923077 -1.000000
v 1.000000 0.846154 -1.000000
v 1.000000 0.769231 -1.000000
v 1.000000 0.692308 -1.000000
v 1.000000 0.615385 -1.000000
v 1.000000 0.538462 -1.000000
v 1.000000 0.461538 -1.000000
v 1.000000 0.384615 -1.000000
v 1.000000 0.307692 -1.000000
v 1.000000 0.230769 -1.000000
v 1.000000 0.153846 -1.000000
v 1.000000 0.076923 -1.000000
v 1.000000 0.000000 -1.000000
v 1.000000 -0.076923 -1.000000
v 1.000000 -0.153846 -1.000000
v 1.000000 -0.230769 -1.000000
v 1.000000 -0.307692 -1.000000
v 1.000000 -0.384615 -1.000000
v 1.000000 -0.461538 -1.000000
v 1.000000 -0.538462 -1.000000
v 1.000000 -0.615385 -1.000000
v 1.000000 -0.692308 -1.000000
v 1.000000 -0.769231 -1.000000
v 1.000000 -0.846154 -1.000000
v 1.000000 -0.923077 -1.000000
v 1.000000 0.923077 1.000000
v 1.000000 0.846154 1.000000
v 1.000000 0.769231 1.000000
v 1.000000 0.692308 1.000000
v 1.000000 0.615385 1.000000
v 1.000000 0.538462 1.000000
v 1.000000 0.461538 1.000000
v 1.000000 0.384615 1.000000
v 1.000000 0.307692 1.000000
v 1.000000 0.230769 1.000000
v 1.000000 0.153846 1.000000
v 1.000000 0.076923 1.000000
v 1.000000 0.000000 1.000000
v 1.000000 -0.076923 1.000000
v 1.000000 -0.153846 1.000000
v 1.000000 -0.230769 1.000000
v 1.000000 -0.307692 1.000000
v 1.000000 -0.384615 1.000000
v 1.000000 -0.461538 1.000000
v 1.000000 -0.538462 1.000000
v 1.000000 -0.615385 1.000000
v 1.000000 -0.692308 1.000000
v 1.000000 -0.769231 1.000000
v 1.000000 -0.846154 1.000000
v 1.000000 -0.923077 1.000000
v 1.000000 0.923077 -0.923077
v 1.000000 0.846154 -0.923077
v 1.000000 0.769231 -0.923077
v 1.000000 0.692308 -0.923077
v 1.000000 0.615385 -0.923077
v 1.000000 0.538462 -0.923077
v 1.000000 0.461538 -0.923077
v 1.000000 0.384615 -0.923077
v 1.000000 0.307692 -0.923077
v 1.000000 0.230769 -0.923077
v 1.000000 0.153846 -0.923077
v 1.000000 0.076923 -0.923077
v 1.000000 0.000000 -0.923077
v 1.000000 -0.076923 -0.923077
v 1.000000 -0.153846 -0.923077
v 1.000000 -0.230769 -0.923077
v 1.000000 -0.307692 -0.923077
v 1.000000 -0.384615 -0.923077
v 1.000000 -0.461538 -0.923077
v 1.000000 -0.538462 -0.923077
v 1.000000 -0.615385 -0.923077
v 1.000000 -0.692308 -0.923077
v 1.000000 -0.769231 -0.923077
v 1.000000 -0.846154 -0.923077
v 1.000000 -0.923077 -0.923077
v 1.000000 0.923077 -0.846154
v 1.000000 0.846154 -0.846154
v 1.000000 0.769231 -0.846154
v 1.000000 0.692308 -0.846154
v 1.000000 0.615385 -0.846154
v 1.000000 0.538462 -0.846154
v 1.000000 0.461538 -0.846154
v 1.000000 0.384615 -0.846154
v 1.000000 0.307692 -0.846154
v 1.000000 0.230769 -0.846154
v 1.000000 0.153846 -0.846154
v 1.000000 0.076923 -0.846154
v 1.000000 0.000000 -0.846154
v 1.000000 -0.076923 -0.846154
v 1.000000 -0.153846 -0.846154
v 1.000000 -0.230769 -0.846154
v 1.000000 -0.307692 -0.846154
v 1.000000 -0.384615 -0.846154
v 1.000000 -0.461538 -0.846154
v 1.000000 -0.538462 -0.846154
v 1.000000 -0.615385 -0.846154
v 1.000000 -0.692308 -0.846154
v 1.000000 -0.769231 -0.846154
v 1.000000 -0.846154 -0.846154
v 1.000000 -0.923077 -0.846154
v 1.000000 0.923077 -0.769231
v 1.000000 0.846154 -0.769231
v 1.000000 0.769231 -0.769231
v 1.000000 0.692308 -0.769231
v 1.000000 0.615385 -0.769231
v 1.000000 0.538462 -0.769231
v 1.000000 0.461538 -0.769231
v 1.000000 0.384615 -0.769231
v 1.000000 0.307692 -0.769231
v 1.000000 0.230769 -0.769231
v 1.000000 0.153846 -0.769231
v 1.000000 0.076923 -0.769231
v 1.000000 0.000000 -0.769231
v 1.000000 -0.076923 -0.769231
v 1.000000 -0.153846 -0.769231
v 1.000000 -0.230769 -0.769231
v 1.000000 -0.307692 -0.769231
v 1.000000 -0.384615 -0.769231
v 1.000000 -0.461538 -0.769231
v 1.000000 -0.538462 -0.769231
v 1.000000 -0.615385 -0.769231
v 1.000000 -0.692308 -0.769231
v 1.000000 -0.769231 -0.769231
v 1.000000 -0.846154 -0.769231
v 1.000000 -0.923077 -0.769231
v 1.000000 0.923077 -0.692308
v 1.000000 0.846154 -0.692308
v 1.000000 0.769231 -0.692308
v 1.000000 0.692308 -0.692308
v 1.000000 0.615385 -0.692308
v 1.000000 0.538462 -0.692308
v 1.000000 0.461538 -0.692308
v 1.000000 0.384615 -0.692308
v 1.000000 0.307692 -0.692308
v 1.000000 0.230769 -0.692308
v 1.000000 0.153846 -0.692308
v 1.000000 0.076923 -0.692308
v 1.000000 0.000000 -0.692308
v 1.000000 -0.076923 -0.692308
v 1.000000 -0.153846 -0.692308
v 1.000000 -0.230769 -0.692308
v 1.000000 -0.307692 -0.692308
v 1.000000 -0.384615 -0.692308
v 1.000000 -0.461538 -0.692308
v 1.000000 -0.538462 -0.692308
v 1.000000 -0.615385 -0.692308
v 1.000000 -0.692308 -0.692308
v 1.000000 -0.769231 -0.692308
v 1.000000 -0.846154 -0.692308
v 1.000000 -0.923077 -0.692308
v 1.000000 0.923077 -0.615385
v 1.000000 0.846154 -0.615385
v 1.000000 0.769231 -0.615385
v 1.000000 0.692308 -0.615385
v 1.000000 0.615385 -0.615385
v 1.000000 0.538462 -0.615385
v 1.000000 0.461538 -0.615385
v 1.000000 0.384615 -0.615385
v 1.000000 0.307692 -0.615385
v 1.000000 0.230769 -0.615385
v 1.000000 0.153846 -0.615385
v 1.000000 0.076923 -0.615385
v 1.000000 0.000000 -0.615385
v 1.000000 -0.076923 -0.615385
v 1.000000 -0.153846 -0.615385
v 1.000000 -0.230769 -0.615385
v 1.000000 -0.307692 -0.615385
v 1.000000 -0.384615 -0.615385
v 1.000000 -0.461538 -0.615385
v 1.000000 -0.538462 -0.615385
v 1.000000 -0.615385 -0.615385
v 1.000000 -0.692308 -0.615385
v 1.000000 -0.769231 -0.615385
v 1.000000 -0.846154 -0.615385
v 1.000000 -0.923077 -0.615385
v 1.000000 0.923077 -0.538462
v 1.000000 0.846154 -0.538462
v 1.000000 0.769231 -0.538462
v 1.000000 0.692308 -0.538462
v 1.000000 0.615385 -0.538462
v 1.000000 0.538462 -0.538462
v 1.000000 0.461538 -0.538462
v 1.000000 0.384615 -0.538462
v 1.000000 0.307692 -0.538462
v 1.000000 0.230769 -0.538462
v 1.000000 0.153846 -0.538462
v 1.000000 0.076923 -0.538462
v 1.000000 0.000000 -0.538462
v 1.000000 -0.076923 -0.538462
v 1.000000 -0.153846 -0.538462
v 1.000000 -0.230769 -0.538462
v 1.000000 -0.307692 -0.538462
v 1.000000 -0.384615 -0.538462
v 1.000000 -0.461538 -0.538462
v 1.000000 -0.538462 -0.538462
v 1.000000 -0.615385 -0.538462
v 1.000000 -0.692308 -0.538462
v 1.000000 -0.769231 -0.538462
v 1.000000 -0.846154 -0.538462
v 1.000000 -0.923077 -0.538462
v 1.000000 0.923077 -0.461538
v 1.000000 0.846154 -0.461538
v 1.000000 0.769231 -0.461538
v 1.000000 0.692308 -0.461538
v 1.000000 0.615385 -0.461538
v 1.000000 0.538462 -0.461538
v 1.000000 0.461538 -0.461538
v 1.000000 0.384615 -0.461538
v 1.000000 0.307692 -0.461538
v 1.000000 0.230769 -0.461538
v 1.000000 0.153846 -0.461538
v 1.000000 0.076923 -0.461538
v 1.000000 0.000000 -0.461538
v 1.000000 -0.076923 -0.461538
v 1.000000 -0.153846 -0.461538
v 1.000000 -0.230769 -0.461538
v 1.000000 -0.307692 -0.461538
v 1.000000 -0.384615 -0.461538
v 1.000000 -0.461538 -0.461538
v 1.000000 -0.538462 -0.461538
v 1.000000 -0.615385 -0.461538
v 1.000000 -0.692308 -0.461538
v 1.000000 -0.769231 -0.461538
v 1.000000 -0.846154 -0.461538
v 1.000000 -0.923077 -0.461538
v 1.000000 0.923077 -0.384615
v 1.000000 0.846154 -0.384615
v 1.000000 0.769231 -0.384615
v 1.000000 0.692308 -0.384615
v 1.000000 0.615385 -0.384615
v 1.000000 0.538462 -0.384615
v 1.000000 0.461538 -0.384615
v 1.000000 0.384615 -0.384615
v 1.000000 0.307692 -0.384615
v 1.000000 0.230769 -0.384615
v 1.000000 0.153846 -0.384615
v 1.000000 0.076923 -0.384615
v 1.000000 0.000000 -0.384615
v 1.000000 -0.076923 -0.384615
v 1.000000 -0.153846 -0.384615
v 1.000000 -0.230769 -0.384615
v 1.000000 -0.307692 -0.384615
v 1.000000 -0.384615 -0.384615
v 1.000000 -0.461538 -0.384615
v 1.000000 -0.538462 -0.384615
v 1.000000 -0.615385 -0.384615
v 1.000000 -0.692308 -0.384615
v 1.000000 -0.769231 -0.384615
v 1.000000 -0.846154 -0.384615
v 1.000000 -0.923077 -0.384615
v 1.000000 0.923077 -0.307692
v 1.000000 0.846154 -0.307692
v 1.000000 0.769231 -0.307692
v 1.000000 0.692308 -0.307692
v 1.000000 0.615385 -0.307692
v 1.000000 0.538462 -0.307692
v 1.000000 0.461538 -0.307692
v 1.000000 0.384615 -0.307692
v 1.000000 0.307692 -0.307692
v 1.000000 0.230769 -0.307692
v 1.000000 0.153846 -0.307692
v 1.000000 0.076923 -0.307692
v 1.000000 0.000000 -0.307692
v 1.000000 -0.076923 -0.307692
v 1.000000 -0.153846 -0.307692
v 1.000000 -0.230769 -0.307692
v 1.000000 -0.307692 -0.307692
v 1.000000 -0.384615 -0.307692
v 1.000000 -0.461538 -0.307692
v 1.000000 -0.538462 -0.307692
v 1.000000 -0.615385 -0.307692
v 1.000000 -0.692308 -0.307692
v 1.000000 -0.769231 -0.307692
v 1.000000 -0.846154 -0.307692
v 1.000000 -0.923077 -0.307692
v 1.000000 0.923077 -0.230769
v 1.000000 0.846154 -0.230769
v 1.000000 0.769231 -0.230769
v 1.000000 0.692308 -0.230769
v 1.000000 0.615385 -0.230769
v 1.000000 0.538462 -0.230769
v 1.000000 0.461538 -0.230769
v 1.000000 0.384615 -0.230769
v 1.000000 0.307692 -0.230769
v 1.000000 0.230769 -0.230769
v 1.000000 0.153846 -0.230769
v 1.000000 0.076923 -0.230769
v 1.000000 0.000000 -0.230769
v 1.000000 -0.076923 -0.230769
v 1.000000 -0.153846 -0.230769
v 1.000000 -0.230769 -0.230769
v 1.000000 -0.307692 -0.230769
v 1.000000 -0.384615 -0.230769
v 1.000000 -0.461538 -0.230769
v 1.000000 -0.538462 -0.230769
v 1.000000 -0.615385 -0.230769
v 1.000000 -0.692308 -0.230769
v 1.000000 -0.769231 -0.230769
v 1.000000 -0.846154 -0.230769
v 1.000000 -0.923077 -0.230769
v 1.000000 0.923077 -0.153846
v 1.000000 0.846154 -0.153846
v 1.000000 0.769231 -0.153846
v 1.000000 0.692308 -0.153846
v 1.000000 0.615385 -0.153846
v 1.000000 0.538462 -0.153846
v 1.000000 0.461538 -0.153846
v 1.000000 0.384615 -0.153846
v 1.000000 0.307692 -0.153846
v 1.000000 0.230769 -0.153846
v 1.000000 0.153846 -0.153846
v 1.000000 0.076923 -0.153846
v 1.000000 0.000000 -0.153846
v 1.000000 -0.076923 -0.153846
v 1.000000 -0.153846 -0.153846
v 1.000000 -0.230769 -0.153846
v 1.000000 -0.307692 -0.153846
v 1.000000 -0.384615 -0.153846
v 1.000000 -0.461538 -0.153846
v 1.000000 -0.538462 -0.153846
v 1.000000 -0.615385 -0.153846
v 1.000000 -0.692308 -0.153846
v 1.000000 -0.769231 -0.153846
v 1.000000 -0.846154 -0.153846
v 1.000000 -0.923077 -0.153846
v 1.000000 0.923077 -0.076923
v 1.000000 0.846154 -0.076923
v 1.000000 0.769231 -0.076923
v 1.000000 0.692308 -0.076923
v 1.000000 0.615385 -0.076923
v 1.000000 0.538462 -0.076923
v 1.000000 0.461538 -0.076923
v 1.000000 0.384615 -0.076923
v 1.000000 0.307692 -0.076923
v 1.000000 0.230769 -0.076923
v 1.000000 0.153846 -0.076923
v 1.000000 0.076923 -0.076923
v 1.000000 0.000000 -0.076923
v 1.000000 -0.076923 -0.076923
v 1.000000 -0.153846 -0.076923
v 1.000000 -0.230769 -0.076923
v 1.000000 -0.307692 -0.076923
v 1.000000 -0.384615 -0.076923
v 1.000000 -0.461538 -0.076923
v 1.000000 -0.538462 -0.076923
v 1.000000 -0.615385 -0.076923
v 1.000000 -0.692308 -0.076923
v 1.000000 -0.769231 -0.076923
v 1.000000 -0.846154 -0.076923
v 1.000000 -0.923077 -0.076923
v 1.000000 0.923077 -0.000000
v 1.000000 0.846154 -0.000000
v 1.000000 0.769231 -0.000000
v 1.000000 0.692308 -0.000000
v 1.000000 0.615385 -0.000000
v 1.000000 0.538462 -0.000000
v 1.000000 0.461538 -0.000000
v 1.000000 0.384615 -0.000000
v 1.000000 0.307692 -0.000000
v 1.000000 0.230769 -0.000000
v 1.000000 0.153846 -0.000000
v 1.000000 0.076923 -0.000000
v 1.000000 0.000000 -0.000000
v 1.000000 -0.076923 0.000000
v 1.000000 -0.153846 0.000000
v 1.000000 -0.230769 0.000000
v 1.000000 -0.307692 0.000000
v 1.000000 -0.384615 0.000000
v 1.000000 -0.461538 0.000000
v 1.000000 -0.538462 0.000000
v 1.000000 -0.615385 0.000000
v 1.000000 -0.692308 0.000000
v 1.000000 -0.769231 0.000000
v 1.000000 -0.846154 0.000000
v 1.000000 -0.923077 0.000000
v 1.000000 0.923077 0.076923
v 1.000000 0.846154 0.076923
v 1.000000 0.769231 0.076923
v 1.000000 0.692308 0.076923
v 1.000000 0.615385 0.076923
v 1.000000 0.538462 0.076923
v 1.000000 0.461538 0.076923
v 1.000000 0.384615 0.076923
v 1.000000 0.307692 0.076923
v 1.000000 0.230769 0.076923
v 1.000000 0.153846 0.076923
v 1.000000 0.076923 0.076923
v 1.000000 0.000000 0.076923
v 1.000000 -0.076923 0.076923
v 1.000000 -0.153846 0.076923
v 1.000000 -0.230769 0.076923
v 1.000000 -0.307692 0.076923
v 1.000000 -0.384615 0.076923
v 1.000000 -0.461538 0.076923
v 1.000000 -0.538462 0.076923
v 1.000000 -0.615385 0.076923
v 1.000000 -0.692308 0.076923
v 1.000000 -0.769231 0.076923
v 1.000000 -0.846154 0.076923
v 1.000000 -0.923077 0.076923
v 1.000000 0.923077 0.153846
v 1.000000 0.846154 0.153846
v 1.000000 0.769231 0.153846
v 1.000000 0.692308 0.153846
v 1.000000 0.615385 0.153846
v 1.000000 0.538462 0.153846
v 1.000000 0.461538 0.153846
v 1.000000 0.384615 0.153846
v 1.000000 0.307692 0.153846
v 1.000000 0.230769 0.153846
v 1.000000 0.153846 0.153846
v 1.000000 0.076923 0.153846
v 1.000000 0.000000 0.153846
v 1.000000 -0.076923 0.153846
v 1.000000 -0.153846 0.153846
v 1.000000 -0.230769 0.153846
v 1.000000 -0.307692 0.153846
v 1.000000 -0.384615 0.153846
v 1.000000 -0.461538 0.153846
v 1.000000 -0.538462 0.153846
v 1.000000 -0.615385 0.153846
v 1.000000 -0.692308 0.153846
v 1.000000 -0.769231 0.153846
v 1.000000 -0.846154 0.153846
v 1.000000 -0.923077 0.153846
v 1.000000 0.923077 0.230769
v 1.000000 0.846154 0.230769
v 1.000000 0.769231 0.230769
v 1.000000 0.692308 0.230769
v 1.000000 0.615385 0.230769
v 1.000000 0.538462 0.230769
v 1.000000 0.461538 0.230769
v 1.000000 0.384615 0.230769
v 1.000000 0.307692 0.230769
v 1.000000 0.230769 0.230769
v 1.000000 0.153846 0.230769
v 1.000000 0.076923 0.230769
v 1.000000 0.000000 0.230769
v 1.000000 -0.076923 0.230769
v 1.000000 -0.153846 0.230769
v 1.000000 -0.230769 0.230769
v 1.000000 -0.307692 0.230769
v 1.000000 -0.384615 0.230769
v 1.000000 -0.461538 0.230769
v 1.000000 -0.538462 0.230769
v 1.000000 -0.615385 0.230769
v 1.000000 -0.692308 0.230769
v 1.000000 -0.769231 0.230769
v 1.000000 -0.846154 0.230769
v 1.000000 -0.923077 0.230769
v 1.000000 0.923077 0.307692
v 1.000000 0.846154 0.307692
v 1.000000 0.769231 0.307692
v 1.000000 0.692308 0.307692
v 1.000000 0.615385 0.307692
v 1.000000 0.538462 0.307692
v 1.000000 0.461538 0.307692
v 1.000000 0.384615 0.307692
v 1.000000 0.307692 0.307692
v 1.000000 0.230769 0.307692
v 1.000000 0.153846 0.307692
v 1.000000 0.076923 0.307692
v 1.000000 0.000000 0.307692
v 1.000000 -0.076923 0.307692
v 1.000000 -0.153846 0.307692
v 1.000000 -0.230769 0.307692
v 1.000000 -0.307692 0.307692
v 1.000000 -0.384615 0.307692
v 1.000000 -0.461538 0.307692
v 1.000000 -0.538462 0.307692
v 1.000000 -0.615385 0.307692
v 1.000000 -0.692308 0.307692
v 1.000000 -0.769231 0.307692
v 1.000000 -0.846154 0.307692
v 1.000000 -0.923077 0.307692
v 1.000000 0.923077 0.384615
v 1.000000 0.846154 0.384615
v 1.000000 0.769231 0.384615
v 1.000000 0.692308 0.384615
v 1.000000 0.615385 0.384615
v 1.000000 0.538462 0.384615
v 1.000000 0.461538 0.384615
v 1.000000 0.384615 0.384615
v 1.000000 0.307692 0.384615
v 1.000000 0.230769 0.384615
v 1.000000 0.153846 0.384615
v 1.000000 0.076923 0.384615
v 1.000000 0.000000 0.384615
v 1.000000 -0.076923 0.384615
v 1.000000 -0.153846 0.384615
v 1.000000 -0.230769 0.384615
v 1.000000 -0.307692 0.384615
v 1.000000 -0.384615 0.384615
v 1.000000 -0.461538 0.384615
v 1.000000 -0.538462 0.384615
v 1.000000 -0.615385 0.384615
v 1.000000 -0.692308 0.384615
v 1.000000 -0.769231 0.384615
v 1.000000 -0.846154 0.384615
v 1.000000 -0.923077 0.384615
v 1.000000 0.923077 0.461538
v 1.000000 0.846154 0.461538
v 1.000000 0.769231 0.461538
v 1.000000 0.692308 0.461538
v 1.000000 0.615385 0.461538
v 1.000000 0.538462 0.461538
v 1.000000 0.461538 0.461538
v 1.000000 0.384615 0.461538
v 1.000000 0.307692 0.461538
v 1.000000 0.230769 0.461538
v 1.000000 0.153846 0.461538
v 1.000000 0.076923 0.461538
v 1.000000 0.000000 0.461538
v 1.000000 -0.076923 0.461538
v 1.000000 -0.153846 0.461538
v 1.000000 -0.230769 0.461538
v 1.000000 -0.307692 0.461538
v 1.000000 -0.384615 0.461538
v 1.000000 -0.461538 0.461538
v 1.000000 -0.538462 0.461538
v 1.000000 -0.615385 0.461538
v 1.000000 -0.692308 0.461538
v 1.000000 -0.769231 0.461538
v 1.000000 -0.846154 0.461538
v 1.000000 -0.923077 0.461538
v 1.000000 0.923077 0.538462
v 1.000000 0.846154 0.538462
v 1.000000 0.769231 0.538462
v 1.000000 0.692308 0.538462
v 1.000000 0.615385 0.538462
v 1.000000 0.538462 0.538462
v 1.000000 0.461538 0.538462
v 1.000000 0.384615 0.538462
v 1.000000 0.307692 0.538462
v 1.000000 0.230769 0.538462
v 1.000000 0.153846 0.538462
v 1.000000 0.076923 0.538462
v 1.000000 0.000000 0.538462
v 1.000000 -0.076923 0.538462
v 1.000000 -0.153846 0.538462
v 1.000000 -0.230769 0.538462
v 1.000000 -0.307692 0.538462
v 1.000000 -0.384615 0.538462
v 1.000000 -0.461538 0.538462
v 1.000000 -0.538462 0.538462
v 1.000000 -0.615385 0.538462
v 1.000000 -0.692308 0.538462
v 1.000000 -0.769231 0.538462
v 1.000000 -0.846154 0.538462
v 1.000000 -0.923077 0.538462
v 1.000000 0.923077 0.615385
v 1.000000 0.846154 0.615385
v 1.000000 0.769231 0.615385
v 1.000000 0.692308 0.615385
v 1.000000 0.615385 0.615385
v 1.000000 0.538462 0.615385
v 1.000000 0.461538 0.615385
v 1.000000 0.384615 0.615385
v 1.000000 0.307692 0.615385
v 1.000000 0.230769 0.615385
v 1.000000 0.153846 0.615385
v 1.000000 0.076923 0.615385
v 1.000000 0.000000 0.615385
v 1.000000 -0.076923 0.615385
v 1.000000 -0.153846 0.615385
v 1.000000 -0.230769 0.615385
v 1.000000 -0.307692 0.615385
v 1.000000 -0.384615 0.615385
v 1.000000 -0.461538 0.615385
v 1.000000 -0.538462 0.615385
v 1.000000 -0.615385 0.615385
v 1.000000 -0.692308 0.615385
v 1.000000 -0.769231 0.615385
v 1.000000 -0.846154 0.615385
v 1.000000 -0.923077 0.615385
v 1.000000 0.923077 0.692308
v 1.000000 0.846154 0.692308
v 1.000000 0.769231 0.692308
v 1.000000 0.692308 0.692308
v 1.000000 0.615385 0.692308
v 1.000000 0.538462 0.692308
v 1.000000 0.461538 0.692308
v 1.000000 0.384615 0.692308
v 1.000000 0.307692 0.692308
v 1.000000 0.230769 0.692308
v 1.000000 0.153846 0.692308
v 1.000000 0.076923 0.692308
v 1.000000 0.000000 0.692308
v 1.000000 -0.076923 0.692308
v 1.000000 -0.153846 0.692308
v 1.000000 -0.230769 0.692308
v 1.000000 -0.307692 0.692308
v 1.000000 -0.384615 0.692308
v 1.000000 -0.461538 0.692308
v 1.000000 -0.538462 0.692308
v 1.000000 -0.615385 0.692308
v 1.000000 -0.692308 0.692308
v 1.000000 -0.769231 0.692308
v 1.000000 -0.846154 0.692308
v 1.000000 -0.923077 0.692308
v 1.000000 0.923077 0.769231
v 1.000000 0.846154 0.769231
v 1.000000 0.769231 0.769231
v 1.000000 0.692308 0.769231
v 1.000000 0.615385 0.769231
v 1.000000 0.538462 0.769231
v 1.000000 0.461538 0.769231
v 1.000000 0.384615 0.769231
v 1.000000 0.307692 0.769231
v 1.000000 0.230769 0.769231
v 1.000000 0.153846 0.769231
v 1.000000 0.076923 0.769231
v 1.000000 0.000000 0.769231
v 1.000000 -0.076923 0.769231
v 1.000000 -0.153846 0.769231
v 1.000000 -0.230769 0.769231
v 1.000000 -0.307692 0.769231
v 1.000000 -0.384615 0.769231
v 1.000000 -0.461538 0.769231
v 1.000000 -0.538462 0.769231
v 1.000000 -0.615385 0.769231
v 1.000000 -0.692308 0.769231
v 1.000000 -0.769231 0.769231
v 1.000000 -0.846154 0.769231
v 1.000000 -0.923077 0.769231
v 1.000000 0.923077 0.846154
v 1.000000 0.846154 0.846154
v 1.000000 0.769231 0.846154
v 1.000000 0.692308 0.846154
v 1.000000 0.615385 0.846154
v 1.000000 0.538462 0.846154
v 1.000000 0.461538 0.846154
v 1.000000 0.384615 0.846154
v 1.000000 0.307692 0.846154
v 1.000000 0.230769 0.846154
v 1.000000 0.153846 0.846154
v 1.000000 0.076923 0.846154
v 1.000000 0.000000 0.846154
v 1.000000 -0.076923 0.846154
v 1.000000 -0.153846 0.846154
v 1.000000 -0.230769 0.846154
v 1.000000 -0.307692 0.846154
v 1.000000 -0.384615 0.846154
v 1.000000 -0.461538 0.846154
v 1.000000 -0.538462 0.846154
v 1.000000 -0.615385 0.846154
v 1.000000 -0.692308 0.846154
v 1.000000 -0.769231 0.846154
v 1.000000 -0.846154 0.846154
v 1.000000 -0.923077 0.846154
v 1.000000 0.923077 0.923077
v 1.000000 0.846154 0.923077
v 1.000000 0.769231 0.923077
v 1.000000 0.692308 0.923077
v 1.000000 0.615385 0.923077
v 1.000000 0.538462 0.923077
v 1.000000 0.461538 0.923077
v 1.000000 0.384615 0.923077
v 1.000000 0.307692 0.923077
v 1.000000 0.230769 0.923077
v 1.000000 0.153846 0.923077
v 1.000000 0.076923 0.923077
v 1.000000 0.000000 0.923077
v 1.000000 -0.076923 0.923077
v 1.000000 -0.153846 0.923077
v 1.000000 -0.230769 0.923077
v 1.000000 -0.307692 0.923077
v 1.000000 -0.384615 0.923077
v 1.000000 -0.461538 0.923077
v 1.000000 -0.538462 0.923077
v 1.000000 -0.615385 0.923077
v 1.000000 -0.692308 0.923077
v 1.000000 -0.769231 0.923077
v 1.000000 -0.846154 0.923077
v 1.000000 -0.923077 0.923077
v -1.000000 0.923077 0.923077
v -1.000000 0.846154 0.923077
v -1.000000 0.769231 0.923077
v -1.000000 0.692308 0.923077
v -1.000000 0.615385 0.923077
v -1.000000 0.538462 0.923077
v -1.000000 0.461538 0.923077
v -1.000000 0.384615 0.923077
v -1.000000 0.307692 0.923077
v -1.000000 0.230769 0.923077
v -1.000000 0.153846 0.923077
v -1.000000 0.076923 0.923077
v -1.000000 0.000000 0.923077
v -1.000000 -0.076923 0.923077
v -1.000000 -0.153846 0.923077
v -1.000000 -0.230769 0.923077
v -1.000000 -0.307692 0.923077
v -1.000000 -0.384615 0.923077
v -1.000000 -0.461538 0.923077
v -1.000000 -0.538462 0.923077
v -1.000000 -0.615385 0.923077
v -1.000000 -0.692308 0.923077
v -1.000000 -0.769231 0.923077
v -1.000000 -0.846154 0.923077
v -1.000000 -0.923077 0.923077
v -1.000000 0.923077 0.846154
v -1.000000 0.846154 0.846154
v -1.000000 0.769231 0.846154
v -1.000000 0.692308 0.846154
v -1.000000 0.615385 0.846154
v -1.000000 0.538462 0.846154
v -1.000000 0.461538 0.846154
v -1.000000 0.384615 0.846154
v -1.000000 0.307692 0.846154
v -1.000000 0.230769 0.846154
v -1.000000 0.153846 0.846154
v -1.000000 0.076923 0.846154
v -1.000000 0.000000 0.846154
v -1.000000 -0.076923 0.846154
v -1.000000 -0.153846 0.846154
v -1.000000 -0.230769 0.846154
v -1.000000 -0.307692 0.846154
v -1.000000 -0.384615 0.846154
v -1.000000 -0.461538 0.846154
v -1.000000 -0.538462 0.846154
v -1.000000 -0.615385 0.846154
v -1.000000 -0.692308 0.846154
v -1.000000 -0.769231 0.846154
v -1.000000 -0.846154 0.846154
v -1.000000 -0.923077 0.846154
v -1.000000 0.923077 0.769231
v -1.000000 0.846154 0.769231
v -1.000000 0.769231 0.769231
v -1.000000 0.692308 0.769231
v -1.000000 0.615385 0.769231
v -1.000000 0.538462 0.769231
v -1.000000 0.461538 0.769231
v -1.000000 0.384615 0.769231
v -1.000000 0.307692 0.769231
v -1.000000 0.230769 0.769231
v -1.000000 0.153846 0.769231
v -1.000000 0.076923 0.769231
v -1.000000 0.000000 0.769231
v -1.000000 -0.076923 0.769231
v -1.000000 -0.153846 0.769231
v -1.000000 -0.230769 0.769231
v -1.000000 -0.307692 0.769231
v -1.000000 -0.384615 0.769231
v -1.000000 -0.461538 0.769231
v -1.000000 -0.538462 0.769231
v -1.000000 -0.615385 0.769231
v -1.000000 -0.692308 0.769231
v -1.000000 -0.769231 0.769231
v -1.000000 -0.846154 0.769231
v -1.000000 -0.923077 0.769231
v -1.000000 0.923077 0.692308
v -1.000000 0.846154 0.692308
v -1.000000 0.769231 0.692308
v -1.000000 0.692308 0.692308
v -1.000000 0.615385 0.692308
v -1.000000 0.538462 0.692308
v -1.000000 0.461538 0.692308
v -1.000000 0.384615 0.692308
v -1.000000 0.307692 0.692308
v -1.000000 0.230769 0.692308
v -1.000000 0.153846 0.692308
v -1.000000 0.076923 0.692308
v -1.000000 0.000000 0.692308
v -1.000000 -0.076923 0.692308
v -1.000000 -0.153846 0.692308
v -1.000000 -0.230769 0.692308
v -1.000000 -0.307692 0.692308
v -1.000000 -0.384615 0.692308
v -1.000000 -0.461538 0.692308
v -1.000000 -0.538462 0.692308
v -1.000000 -0.615385 0.692308
v -1.000000 -0.692308 0.692308
v -1.000000 -0.769231 0.692308
v -1.000000 -0.846154 0.692308
v -1.000000 -0.923077 0.692308
v -1.000000 0.923077 0.615385
v -1.000000 0.846154 0.615385
v -1.000000 0.769231 0.615385
v -1.000000 0.692308 0.615385
v -1.000000 0.615385 0.615385
v -1.000000 0.538462 0.615385
v -1.000000 0.461538 0.615385
v -1.000000 0.384615 0.615385
v -1.000000 0.307692 0.615385
v -1.000000 0.230769 0.615385
v -1.000000 0.153846 0.615385
v -1.000000 0.076923 0.615385
v -1.000000 0.000000 0.615385
v -1.000000 -0.076923 0.615385
v -1.000000 -0.153846 0.615385
v -1.000000 -0.230769 0.615385
v -1.000000 -0.307692 0.615385
v -1.000000 -0.384615 0.615385
v -1.000000 -0.461538 0.615385
v -1.000000 -0.538462 0.615385
v -1.000000 -0.615385 0.615385
v -1.000000 -0.692308 0.615385
v -1.000000 -0.769231 0.615385
v -1.000000 -0.846154 0.615385
v -1.000000 -0.923077 0.615385
v -1.000000 0.923077 0.538462
v -1.000000 0.846154 0.538462
v -1.000000 0.769231 0.538462
v -1.000000 0.692308 0.538462
v -1.000000 0.615385 0.538462
v -1.000000 0.538462 0.538462
v -1.000000 0.461538 0.538462
v -1.000000 0.384615 0.538462
v -1.000000 0.307692 0.538462
v -1.000000 0.230769 0.538462
v -1.000000 0.153846 0.538462
v -1.000000 0.076923 0.538462
v -1.000000 0.000000 0.538462
v -1.000000 -0.076923 0.538462
v -1.000000 -0.153846 0.538462
v -1.000000 -0.230769 0.538462
v -1.000000 -0.307692 0.538462
v -1.000000 -0.384615 0.538462
v -1.000000 -0.461538 0.538462
v -1.000000 -0.538462 0.538462
v -1.000000 -0.615385 0.538462
v -1.000000 -0.692308 0.538462
v -1.000000 -0.769231 0.538462
v -1.000000 -0.846154 0.538462
v -1.000000 -0.923077 0.538462
v -1.000000 0.923077 0.461538
v -1.000000 0.846154 0.461538
v -1.000000 0.769231 0.461538
v -1.000000 0.692308 0.461538
v -1.000000 0.615385 0.461538
v -1.000000 0.538462 0.461538
v -1.000000 0.461538 0.461538
v -1.000000 0.384615 0.461538
v -1.000000 0.307692 0.461538
v -1.000000 0.230769 0.461538
v -1.000000 0.153846 0.461538
v -1.000000 0.076923 0.461538
v -1.000000 0.000000 0.461538
v -1.000000 -0.076923 0.461538
v -1.000000 -0.153846 0.461538
v -1.000000 -0.230769 0.461538
v -1.000000 -0.307692 0.461538
v -1.000000 -0.384615 0.461538
v -1.000000 -0.461538 0.461538
v -1.000000 -0.538462 0.461538
v -1.000000 -0.615385 0.461538
v -1.000000 -0.692308 0.461538
v -1.000000 -0.769231 0.461538
v -1.000000 -0.846154 0.461538
v -1.000000 -0.923077 0.461538
v -1.000000 0.923077 0.384615
v -1.000000 0.846154 0.384615
v -1.000000 0.769231 0.384615
v -1.000000 0.692308 0.384615
v -1.000000 0.615385 0.384615
v -1.000000 0.538462 0.384615
v -1.000000 0.461538 0.384615
v -1.000000 0.384615 0.384615
v -1.000000 0.307692 0.384615
v -1.000000 0.230769 0.384615
v -1.000000 0.153846 0.384615
v -1.000000 0.076923 0.384615
v -1.000000 0.000000 0.384615
v -1.000000 -0.076923 0.384615
v -1.000000 -0.153846 0.384615
v -1.000000 -0.230769 0.384615
v -1.000000 -0.307692 0.384615
v -1.000000 -0.384615 0.384615
v -1.000000 -0.461538 0.384615
v -1.000000 -0.538462 0.384615
v -1.000000 -0.615385 0.384615
v -1.000000 -0.692308 0.384615
v -1.000000 -0.769231 0.384615
v -1.000000 -0.846154 0.384615
v -1.000000 -0.923077 0.384615
v -1.000000 0.923077 0.307692
v -1.000000 0.846154 0.307692
v -1.000000 0.769231 0.307692
v -1.000000 0.692308 0.307692
v -1.000000 0.615385 0.307692
v -1.000000 0.538462 0.307692
v -1.000000 0.461538 0.307692
v -1.000000 0.384615 0.307692
v -1.000000 0.307692 0.307692
v -1.000000 0.230769 0.307692
v -1.000000 0.153846 0.307692
v -1.000000 0.076923 0.307692
v -1.000000 0.000000 0.307692
v -1.000000 -0.076923 0.307692
v -1.000000 -0.153846 0.307692
v -1.000000 -0.230769 0.307692
v -1.000000 -0.307692 0.307692
v -1.000000 -0.384615 0.307692
v -1.000000 -0.461538 0.307692
v -1.000000 -0.538462 0.307692
v -1.000000 -0.615385 0.307692
v -1.000000 -0.692308 0.307692
v -1.000000 -0.769231 0.307692
v -1.000000 -0.846154 0.307692
v -1.000000 -0.923077 0.307692
v -1.000000 0.923077 0.230769
v -1.000000 0.846154 0.230769
v -1.000000 0.769231 0.230769
v -1.000000 0.692308 0.230769
v -1.000000 0.615385 0.230769
v -1.000000 0.538462 0.230769
v -1.000000 0.461538 0.230769
v -1.000000 0.384615 0.230769
v -1.000000 0.307692 0.230769
v -1.000000 0.230769 0.230769
v -1.000000 0.153846 0.230769
v -1.000000 0.076923 0.230769
v -1.000000 0.000000 0.230769
v -1.000000 -0.076923 0.230769
v -1.000000 -0.153846 0.230769
v -1.000000 -0.230769 0.230769
v -1.000000 -0.307692 0.230769
v -1.000000 -0.384615 0.230769
v -1.000000 -0.461538 0.230769
v -1.000000 -0.538462 0.230769
v -1.000000 -0.615385 0.230769
v -1.000000 -0.692308 0.230769
v -1.000000 -0.769231 0.230769
v -1.000000 -0.846154 0.230769
v -1.000000 -0.923077 0.230769
v -1.000000 0.923077 0.153846
v -1.000000 0.846154 0.153846
v -1.000000 0.769231 0.153846
v -1.000000 0.692308 0.153846
v -1.000000 0.615385 0.153846
v -1.000000 0.538462 0.153846
v -1.000000 0.461538 0.153846
v -1.000000 0.384615 0.153846
v -1.000000 0.307692 0.153846
v -1.000000 0.230769 0.153846
v -1.000000 0.153846 0.153846
v -1.000000 0.076923 0.153846
v -1.000000 0.000000 0.153846
v -1.000000 -0.076923 0.153846
v -1.000000 -0.153846 0.153846
v -1.000000 -0.230769 0.153846
v -1.000000 -0.307692 0.153846
v -1.000000 -0.384615 0.153846
v -1.000000 -0.461538 0.153846
v -1.000000 -0.538462 0.153846
v -1.000000 -0.615385 0.153846
v -1.000000 -0.692308 0.153846
v -1.000000 -0.769231 0.153846
v -1.000000 -0.846154 0.153846
v -1.000000 -0.923077 0.153846
v -1.000000 0.923077 0.076923
v -1.000000 0.846154 0.076923
v -1.000000 0.769231 0.076923
v -1.000000 0.692308 0.076923
v -1.000000 0.615385 0.076923
v -1.000000 0.538462 0.076923
v -1.000000 0.461538 0.076923
v -1.000000 0.384615 0.076923
v -1.000000 0.307692 0.076923
v -1.000000 0.230769 0.076923
v -1.000000 0.153846 0.076923
v -1.000000 0.076923 0.076923
v -1.000000 0.000000 0.076923
v -1.000000 -0.076923 0.076923
v -1.000000 -0.153846 0.076923
v -1.000000 -0.230769 0.076923
v -1.000000 -0.307692 0.076923
v -1.000000 -0.384615 0.076923
v -1.000000 -0.461538 0.076923
v -1.000000 -0.538462 0.076923
v -1.000000 -0.615385 0.076923
v -1.000000 -0.692308 0.076923
v -1.000000 -0.769231 0.076923
v -1.000000 -0.846154 0.076923
v -1.000000 -0.923077 0.076923
v -1.000000 0.923077 0.000000
v -1.000000 0.846154 0.000000
v -1.000000 0.769231 0.000000
v -1.000000 0.692308 0.000000
v -1.000000 0.615385 0.000000
v -1.000000 0.538462 0.000000
v -1.000000 0.461538 0.000000
v -1.000000 0.384615 0.000000
v -1.000000 0.307692 0.000000
v -1.000000 0.230769 0.000000
v -1.000000 0.153846 0.000000
v -1.000000 0.076923 0.000000
v -1.000000 0.000000 0.000000
v -1.000000 -0.076923 -0.000000
v -1.000000 -0.153846 -0.000000
v -1.000000 -0.230769 -0.000000
v -1.000000 -0.307692 -0.000000
v -1.000000 -0.384615 -0.000000
v -1.000000 -0.461538 -0.000000
v -1.000000 -0.538462 -0.000000
v -1.000000 -0.615385 -0.000000
v -1.000000 -0.692308 -0.000000
v -1.000000 -0.769231 -0.000000
v -1.000000 -0.846154 -0.000000
v -1.000000 -0.923077 -0.000000
v -1.000000 0.923077 -0.076923
v -1.000000 0.846154 -0.076923
v -1.000000 0.769231 -0.076923
v -1.000000 0.692308 -0.076923
v -1.000000 0.615385 -0.076923
v -1.000000 0.538462 -0.076923
v -1.000000 0.461538 -0.076923
v -1.000000 0.384615 -0.076923
v -1.000000 0.307692 -0.076923
v -1.000000 0.230769 -0.076923
v -1.000000 0.153846 -0.076923
v -1.000000 0.076923 -0.076923
v -1.000000 0.000000 -0.076923
v -1.000000 -0.076923 -0.076923
v -1.000000 -0.153846 -0.076923
v -1.000000 -0.230769 -0.076923
v -1.000000 -0.307692 -0.076923
v -1.000000 -0.384615 -0.076923
v -1.000000 -0.461538 -0.076923
v -1.000000 -0.538462 -0.076923
v -1.000000 -0.615385 -0.076923
v -1.000000 -0.692308 -0.076923
v -1.000000 -0.769231 -0.076923
v -1.000000 -0.846154 -0.076923
v -1.000000 -0.923077 -0.076923
v -1.000000 0.923077 -0.153846
v -1.000000 0.846154 -0.153846
v -1.000000 0.769231 -0.153846
v -1.000000 0.692308 -0.153846
v -1.000000 0.615385 -0.153846
v -1.000000 0.538462 -0.153846
v -1.000000 0.461538 -0.153846
v -1.000000 0.384615 -0.153846
v -1.000000 0.307692 -0.153846
v -1.000000 0.230769 -0.153846
v -1.000000 0.153846 -0.153846
v -1.000000 0.076923 -0.153846
v -1.000000 0.000000 -0.153846
v -1.000000 -0.076923 -0.153846
v -1.000000 -0.153846 -0.153846
v -1.000000 -0.230769 -0.153846
v -1.000000 -0.307692 -0.153846
v -1.000000 -0.384615 -0.153846
v -1.000000 -0.461538 -0.153846
v -1.000000 -0.538462 -0.153846
v -1.000000 -0.615385 -0.153846
v -1.000000 -0.692308 -0.153846
v -1.000000 -0.769231 -0.153846
v -1.000000 -0.846154 -0.153846
v -1.000000 -0.923077 -0.153846
v -1.000000 0.923077 -0.230769
v -1.000000 0.846154 -0.230769
v -1.000000 0.769231 -0.230769
v -1.000000 0.692308 -0.230769
v -1.000000 0.615385 -0.230769
v -1.000000 0.538462 -0.230769
v -1.000000 0.461538 -0.230769
v -1.000000 0.384615 -0.230769
v -1.000000 0.307692 -0.230769
v -1.000000 0.230769 -0.230769
v -1.000000 0.153846 -0.230769
v -1.000000 0.076923 -0.230769
v -1.000000 0.000000 -0.230769
v -1.000000 -0.076923 -0.230769
v -1.000000 -0.153846 -0.230769
v -1.000000 -0.230769 -0.230769
v -1.000000 -0.307692 -0.230769
v -1.000000 -0.384615 -0.230769
v -1.000000 -0.461538 -0.230769
v -1.000000 -0.538462 -0.230769
v -1.000000 -0.615385 -0.230769
v -1.000000 -0.692308 -0.230769
v -1.000000 -0.769231 -0.230769
v -1.000000 -0.846154 -0.230769
v -1.000000 -0.923077 -0.230769
v -1.000000 0.923077 -0.307692
v -1.000000 0.846154 -0.307692
v -1.000000 0.769231 -0.307692
v -1.000000 0.692308 -0.307692
v -1.000000 0.615385 -0.307692
v -1.000000 0.538462 -0.307692
v -1.000000 0.461538 -0.307692
v -1.000000 0.384615 -0.307692
v -1.000000 0.307692 -0.307692
v -1.000000 0.230769 -0.307692
v -1.000000 0.153846 -0.307692
v -1.000000 0.076923 -0.307692
v -1.000000 0.000000 -0.307692
v -1.000000 -0.076923 -0.307692
v -1.000000 -0.153846 -0.307692
v -1.000000 -0.230769 -0.307692
v -1.000000 -0.307692 -0.307692
v -1.000000 -0.384615 -0.307692
v -1.000000 -0.461538 -0.307692
v -1.000000 -0.538462 -0.307692
v -1.000000 -0.615385 -0.307692
v -1.000000 -0.692308 -0.307692
v -1.000000 -0.769231 -0.307692
v -1.000000 -0.846154 -0.307692
v -1.000000 -0.923077 -0.307692
v -1.000000 0.923077 -0.384615
v -1.000000 0.846154 -0.384615
v -1.000000 0.769231 -0.384615
v -1.000000 0.692308 -0.384615
v -1.000000 0.615385 -0.384615
v -1.000000 0.538462 -0.384615
v -1.000000 0.461538 -0.384615
v -1.000000 0.384615 -0.384615
v -1.000000 0.307692 -0.384615
v -1.000000 0.230769 -0.384615
v -1.000000 0.153846 -0.384615
v -1.000000 0.076923 -0.384615
v -1.000000 0.000000 -0.384615
v -1.000000 -0.076923 -0.384615
v -1.000000 -0.153846 -0.384615
v -1.000000 -0.230769 -0.384615
v -1.000000 -0.307692 -0.384615
v -1.000000 -0.384615 -0.384615
v -1.000000 -0.461538 -0.384615
v -1.000000 -0.538462 -0.384615
v -1.000000 -0.615385 -0.384615
v -1.000000 -0.692308 -0.384615
v -1.000000 -0.769231 -0.384615
v -1.000000 -0.846154 -0.384615
v -1.000000 -0.923077 -0.384615
v -1.000000 0.923077 -0.461538
v -1.000000 0.846154 -0.461538
v -1.000000 0.769231 -0.461538
v -1.000000 0.692308 -0.461538
v -1.000000 0.615385 -0.461538
v -1.000000 0.538462 -0.461538
v -1.000000 0.461538 -0.461538
v -1.000000 0.384615 -0.461538
v -1.000000 0.307692 -0.461538
v -1.000000 0.230769 -0.461538
v -1.000000 0.153846 -0.461538
v -1.000000 0.076923 -0.461538
v -1.000000 0.000000 -0.461538
v -1.000000 -0.076923 -0.461538
v -1.000000 -0.153846 -0.461538
v -1.000000 -0.230769 -0.461538
v -1.000000 -0.307692 -0.461538
v -1.000000 -0.384615 -0.461538
v -1.000000 -0.461538 -0.461538
v -1.000000 -0.538462 -0.461538
v -1.000000 -0.615385 -0.461538
v -1.000000 -0.692308 -0.461538
v -1.000000 -0.769231 -0.461538
v -1.000000 -0.846154 -0.461538
v -1.000000 -0.923077 -0.461538
v -1.000000 0.923077 -0.538462
v -1.000000 0.846154 -0.538462
v -1.000000 0.769231 -0.538462
v -1.000000 0.692308 -0.538462
v -1.000000 0.615385 -0.538462
v -1.000000 0.538462 -0.538462
v -1.000000 0.461538 -0.538462
v -1.000000 0.384615 -0.538462
v -1.000000 0.307692 -0.538462
v -1.000000 0.230769 -0.538462
v -1.000000 0.153846 -0.538462
v -1.000000 0.076923 -0.538462
v -1.000000 0.000000 -0.538462
v -1.000000 -0.076923 -0.538462
v -1.000000 -0.153846 -0.538462
v -1.000000 -0.230769 -0.538462
v -1.000000 -0.307692 -0.538462
v -1.000000 -0.384615 -0.538462
v -1.000000 -0.461538 -0.538462
v -1.000000 -0.538462 -0.538462
v -1.000000 -0.615385 -0.538462
v -1.000000 -0.692308 -0.538462
v -1.000000 -0.769231 -0.538462
v -1.000000 -0.846154 -0.538462
v -1.000000 -0.923077 -0.538462
v -1.000000 0.923077 -0.615385
v -1.000000 0.846154 -0.615385
v -1.000000 0.769231 -0.615385
v -1.000000 0.692308 -0.615385
v -1.000000 0.615385 -0.615385
v -1.000000 0.538462 -0.615385
v -1.000000 0.461538 -0.615385
v -1.000000 0.384615 -0.615385
v -1.000000 0.307692 -0.615385
v -1.000000 0.230769 -0.615385
v -1.000000 0.153846 -0.615385
v -1.000000 0.076923 -0.615385
v -1.000000 0.000000 -0.615385
v -1.000000 -0.076923 -0.615385
v -1.000000 -0.153846 -0.615385
v -1.000000 -0.230769 -0.615385
v -1.000000 -0.307692 -0.615385
v -1.000000 -0.384615 -0.615385
v -1.000000 -0.461538 -0.615385
v -1.000000 -0.538462 -0.615385
v -1.000000 -0.615385 -0.615385
v -1.000000 -0.692308 -0.615385
v -1.000000 -0.769231 -0.615385
v -1.000000 -0.846154 -0.615385
v -1.000000 -0.923077 -0.615385
v -1.000000 0.923077 -0.692308
v -1.000000 0.846154 -0.692308
v -1.000000 0.769231 -0.692308
v -1.000000 0.692308 -0.692308
v -1.000000 0.615385 -0.692308
v -1.000000 0.538462 -0.692308
v -1.000000 0.461538 -0.692308
v -1.000000 0.384615 -0.692308
v -1.000000 0.307692 -0.692308
v -1.000000 0.230769 -0.692308
v -1.000000 0.153846 -0.692308
v -1.000000 0.076923 -0.692308
v -1.000000 0.000000 -0.692308
v -1.000000 -0.076923 -0.692308
v -1.000000 -0.153846 -0.692308
v -1.000000 -0.230769 -0.692308
v -1.000000 -0.307692 -0.692308
v -1.000000 -0.384615 -0.692308
v -1.000000 -0.461538 -0.692308
v -1.000000 -0.538462 -0.692308
v -1.000000 -0.615385 -0.692308
v -1.000000 -0.692308 -0.692308
v -1.000000 -0.769231 -0.692308
v -1.000000 -0.846154 -0.692308
v -1.000000 -0.923077 -0.692308
v -1.000000 0.923077 -0.769231
v -1.000000 0.846154 -0.769231
v -1.000000 0.769231 -0.769231
v -1.000000 0.692308 -0.769231
v -1.000000 0.615385 -0.769231
v -1.000000 0.538462 -0.769231
v -1.000000 0.461538 -0.769231
v -1.000000 0.384615 -0.769231
v -1.000000 0.307692 -0.769231
v -1.000000 0.230769 -0.769231
v -1.000000 0.153846 -0.769231
v -1.000000 0.076923 -0.769231
v -1.000000 0.000000 -0.769231
v -1.000000 -0.076923 -0.769231
v -1.000000 -0.153846 -0.769231
v -1.000000 -0.230769 -0.769231
v -1.000000 -0.307692 -0.769231
v -1.000000 -0.384615 -0.769231
v -1.000000 -0.461538 -0.769231
v -1.000000 -0.538462 -0.769231
v -1.000000 -0.615385 -0.769231
v -1.000000 -0.692308 -0.769231
v -1.000000 -0.769231 -0.769231
v -1.000000 -0.846154 -0.769231
v -1.000000 -0.923077 -0.769231
v -1.000000 0.923077 -0.846154
v -1.000000 0.846154 -0.846154
v -1.000000 0.769231 -0.846154
v -1.000000 0.692308 -0.846154
v -1.000000 0.615385 -0.846154
v -1.000000 0.538462 -0.846154
v -1.000000 0.461538 -0.846154
v -1.000000 0.384615 -0.846154
v -1.000000 0.307692 -0.846154
v -1.000000 0.230769 -0.846154
v -1.000000 0.153846 -0.846154
v -1.000000 0.076923 -0.846154
v -1.000000 0.000000 -0.846154
v -1.000000 -0.076923 -0.846154
v -1.000000 -0.153846 -0.846154
v -1.000000 -0.230769 -0.846154
v -1.000000 -0.307692 -0.846154
v -1.000000 -0.384615 -0.846154
v -1.000000 -0.461538 -0.846154
v -1.000000 -0.538462 -0.846154
v -1.000000 -0.615385 -0.846154
v -1.000000 -0.692308 -0.846154
v -1.000000 -0.769231 -0.846154
v -1.000000 -0.846154 -0.846154
v -1.000000 -0.923077 -0.846154
v -1.000000 0.923077 -0.923077
v -1.000000 0.846154 -0.923077
v -1.000000 0.769231 -0.923077
v -1.000000 0.692308 -0.923077
v -1.000000 0.615385 -0.923077
v -1.000000 0.538462 -0.923077
v -1.000000 0.461538 -0.923077
v -1.000000 0.384615 -0.923077
v -1.000000 0.307692 -0.923077
v -1.000000 0.230769 -0.923077
v -1.000000 0.153846 -0.923077
v -1.000000 0.076923 -0.923077
v -1.000000 0.000000 -0.923077
v -1.000000 -0.076923 -0.923077
v -1.000000 -0.153846 -0.923077
v -1.000000 -0.230769 -0.923077
v -1.000000 -0.307692 -0.923077
v -1.000000 -0.384615 -0.923077
v -1.000000 -0.461538 -0.923077
v -1.000000 -0.538462 -0.923077
v -1.000000 -0.615385 -0.923077
v -1.000000 -0.692308 -0.923077
v -1.000000 -0.769231 -0.923077
v -1.000000 -0.846154 -0.923077
v -1.000000 -0.923077 -0.923077
v 0.923077 -1.000000 -1.000000
v 0.846154 -1.000000 -1.000000
v 0.769231 -1.000000 -1.000000
v 0.692308 -1.000000 -1.000000
v 0.615385 -1.000000 -1.000000
v 0.538462 -1.000000 -1.000000
v 0.461538 -1.000000 -1.000000
v 0.384615 -1.000000 -1.000000
v 0.307692 -1.000000 -1.000000
v 0.230769 -1.000000 -1.000000
v 0.153846 -1.000000 -1.000000
v 0.076923 -1.000000 -1.000000
v 0.000000 -1.000000 -1.000000
v -0.076923 -1.000000 -1.000000
v -0.153846 -1.000000 -1.000000
v -0.230769 -1.000000 -1.000000
v -0.307692 -1.000000 -1.000000
v -0.384615 -1.000000 -1.000000
v -0.461538 -1.000000 -1.000000
v -0.538462 -1.000000 -1.000000
v -0.615385 -1.000000 -1.000000
v -0.692308 -1.000000 -1.000000
v -0.769231 -1.000000 -1.000000
v -0.846154 -1.000000 -1.000000
v -0.923077 -1.000000 -1.000000
v -0.923077 1.000000 -1.000000
v -0.846154 1.000000 -1.000000
v -0.769231 1.000000 -1.000000
v -0.692308 1.000000 -1.000000
v -0.615385 1.000000 -1.000000
v -0.538462 1.000000 -1.000000
v -0.461538 1.000000 -1.000000
v -0.384615 1.000000 -1.000000
v -0.307692 1.000000 -1.000000
v -0.230769 1.000000 -1.000000
v -0.153846 1.000000 -1.000000
v -0.076923 1.000000 -1.000000
v -0.000000 1.000000 -1.000000
v 0.076923 1.000000 -1.000000
v 0.153846 1.000000 -1.000000
v 0.230769 1.000000 -1.000000
v 0.307692 1.000000 -1.000000
v 0.384615 1.000000 -1.000000
v 0.461538 1.000000 -1.000000
v 0.538462 1.000000 -1.000000
v 0.615385 1.000000 -1.000000
v 0.692308 1.000000 -1.000000
v 0.769231 1.000000 -1.000000
v 0.846154 1.000000 -1.000000
v 0.923077 1.000000 -1.000000
v -0.923077 -1.000000 1.000000
v -0.846154 -1.000000 1.000000
v -0.769231 -1.000000 1.000000
v -0.692308 -1.000000 1.000000
v -0.615385 -1.000000 1.000000
v -0.538462 -1.000000 1.000000
v -0.461538 -1.000000 1.000000
v -0.384615 -1.000000 1.000000
v -0.307692 -1.000000 1.000000
v -0.230769 -1.000000 1.000000
v -0.153846 -1.000000 1.000000
v -0.076923 -1.000000 1.000000
v -0.000000 -1.000000 1.000000
v 0.076923 -1.000000 1.000000
v 0.153846 -1.000000 1.000000
v 0.230769 -1.000000 1.000000
v 0.307692 -1.000000 1.000000
v 0.384615 -1.000000 1.000000
v 0.461538 -1.000000 1.000000
v 0.538462 -1.000000 1.000000
v 0.615385 -1.000000 1.000000
v 0.692308 -1.000000 1.000000
v 0.769231 -1.000000 1.000000
v 0.846154 -1.000000 1.000000
v 0.923077 -1.000000 1.000000
v 0.923077 1.000000 1.000000
v 0.846154 1.000000 1.000000
v 0.769231 1.000000 1.000000
v 0.692308 1.000000 1.000000
v 0.615385 1.000000 1.000000
v 0.538462 1.000000 1.000000
v 0.461538 1.000000 1.000000
v 0.384615 1.000000 1.000000
v 0.307692 1.000000 1.000000
v 0.230769 1.000000 1.000000
v 0.153846 1.000000 1.000000
v 0.076923 1.000000 1.000000
v 0.000000 1.000000 1.000000
v -0.076923 1.000000 1.000000
v -0.153846 1.000000 1.000000
v -0.230769 1.000000 1.000000
v -0.307692 1.000000 1.000000
v -0.384615 1.000000 1.000000
v -0.461538 1.000000 1.000000
v -0.538462 1.000000 1.000000
v -0.615385 1.000000 1.000000
v -0.692308 1.000000 1.000000
v -0.769231 1.000000 1.000000
v -0.846154 1.000000 1.000000
v -0.923077 1.000000 1.000000
v 0.923077 -1.000000 -0.923077
v 0.846154 -1.000000 -0.923077
v 0.769231 -1.000000 -0.923077
v 0.692308 -1.000000 -0.923077
v 0.615385 -1.000000 -0.923077
v 0.538462 -1.000000 -0.923077
v 0.461538 -1.000000 -0.923077
v 0.384615 -1.000000 -0.923077
v 0.307692 -1.000000 -0.923077
v 0.230769 -1.000000 -0.923077
v 0.153846 -1.000000 -0.923077
v 0.076923 -1.000000 -0.923077
v 0.000000 -1.000000 -0.923077
v -0.076923 -1.000000 -0.923077
v -0.153846 -1.000000 -0.923077
v -0.230769 -1.000000 -0.923077
v -0.307692 -1.000000 -0.923077
v -0.384615 -1.000000 -0.923077
v -0.461538 -1.000000 -0.923077
v -0.538462 -1.000000 -0.923077
v -0.615385 -1.000000 -0.923077
v -0.692308 -1.000000 -0.923077
v -0.769231 -1.000000 -0.923077
v -0.846154 -1.000000 -0.923077
v -0.923077 -1.000000 -0.923077
v 0.923077 -1.000000 -0.846154
v 0.846154 -1.000000 -0.846154
v 0.769231 -1.000000 -0.846154
v 0.692308 -1.000000 -0.846154
v 0.615385 -1.000000 -0.846154
v 0.538462 -1.000000 -0.846154
v 0.461538 -1.000000 -0.846154
v 0.384615 -1.000000 -0.846154
v 0.307692 -1.000000 -0.846154
v 0.230769 -1.000000 -0.846154
v 0.153846 -1.000000 -0.846154
v 0.076923 -1.000000 -0.846154
v 0.000000 -1.000000 -0.846154
v -0.076923 -1.000000 -0.846154
v -0.153846 -1.000000 -0.846154
v -0.230769 -1.000000 -0.846154
v -0.307692 -1.000000 -0.846154
v -0.384615 -1.000000 -0.846154
v -0.461538 -1.000000 -0.846154
v -0.538462 -1.000000 -0.846154
v -0.615385 -1.000000 -0.846154
v -0.692308 -1.000000 -0.846154
v -0.769231 -1.000000 -0.846154
v -0.846154 -1.000000 -0.846154
v -0.923077 -1.000000 -0.846154
v 0.923077 -1.000000 -0.769231
v 0.846154 -1.000000 -0.769231
v 0.769231 -1.000000 -0.769231
v 0.692308 -1.000000 -0.769231
v 0.615385 -1.000000 -0.769231
v 0.538462 -1.000000 -0.769231
v 0.461538 -1.000000 -0.769231
v 0.384615 -1.000000 -0.769231
v 0.307692 -1.000000 -0.769231
v 0.230769 -1.000000 -0.769231
v 0.153846 -1.000000 -0.769231
v 0.076923 -1.000000 -0.769231
v 0.000000 -1.000000 -0.769231
v -0.076923 -1.000000 -0.769231
v -0.153846 -1.000000 -0.769231
v -0.230769 -1.000000 -0.769231
v -0.307692 -1.000000 -0.769231
v -0.384615 -1.000000 -0.769231
v -0.461538 -1.000000 -0.769231
v -0.538462 -1.000000 -0.769231
v -0.615385 -1.000000 -0.769231
v -0.692308 -1.000000 -0.769231
v -0.769231 -1.000000 -0.769231
v -0.846154 -1.000000 -0.769231
v -0.923077 -1.000000 -0.769231
v 0.923077 -1.000000 -0.692308
v 0.846154 -1.000000 -0.692308
v 0.769231 -1.000000 -0.692308
v 0.692308 -1.000000 -0.692308
v 0.615385 -1.000000 -0.692308
v 0.538462 -1.000000 -0.692308
v 0.461538 -1.000000 -0.692308
v 0.384615 -1.000000 -0.692308
v 0.307692 -1.000000 -0.692308
v 0.230769 -1.000000 -0.692308
v 0.153846 -1.000000 -0.692308
v 0.076923 -1.000000 -0.692308
v 0.000000 -1.000000 -0.692308
v -0.076923 -1.000000 -0.692308
v -0.153846 -1.000000 -0.692308
v -0.230769 -1.000000 -0.692308
v -0.307692 -1.000000 -0.692308
v -0.384615 -1.000000 -0.692308
v -0.461538 -1.000000 -0.692308
v -0.538462 -1.000000 -0.692308
v -0.615385 -1.000000 -0.692308
v -0.692308 -1.000000 -0.692308
v -0.769231 -1.000000 -0.692308
v -0.846154 -1.000000 -0.692308
v -0.923077 -1.000000 -0.692308
v 0.923077 -1.000000 -0.615385
v 0.846154 -1.000000 -0.615385
v 0.769231 -1.000000 -0.615385
v 0.692308 -1.000000 -0.615385
v 0.615385 -1.000000 -0.615385
v 0.538462 -1.000000 -0.615385
v 0.461538 -1.000000 -0.615385
v 0.384615 -1.000000 -0.615385
v 0.307692 -1.000000 -0.615385
v 0.230769 -1.000000 -0.615385
v 0.153846 -1.000000 -0.615385
v 0.076923 -1.000000 -0.615385
v 0.000000 -1.000000 -0.615385
v -0.076923 -1.000000 -0.615385
v -0.153846 -1.000000 -0.615385
v -0.230769 -1.000000 -0.615385
v -0.307692 -1.000000 -0.615385
v -0.384615 -1.000000 -0.615385
v -0.461538 -1.000000 -0.615385
v -0.538462 -1.000000 -0.615385
v -0.615385 -1.000000 -0.615385
v -0.692308 -1.000000 -0.615385
v -0.769231 -1.000000 -0.615385
v -0.846154 -1.000000 -0.615385
v -0.923077 -1.000000 -0.615385
v 0.923077 -1.000000 -0.538462
v 0.846154 -1.000000 -0.538462
v 0.769231 -1.000000 -0.538462
v 0.692308 -1.000000 -0.538462
v 0.615385 -1.000000 -0.538462
v 0.538462 -1.000000 -0.538462
v 0.461538 -1.000000 -0.538462
v 0.384615 -1.000000 -0.538462
v 0.307692 -1.000000 -0.538462
v 0.230769 -1.000000 -0.538462
v 0.153846 -1.000000 -0.538462
v 0.076923 -1.000000 -0.538462
v 0.000000 -1.000000 -0.538462
v -0.076923 -1.000000 -0.538462
v -0.153846 -1.000000 -0.538462
v -0.230769 -1.000000 -0.538462
v -0.307692 -1.000000 -0.538462
v -0.384615 -1.000000 -0.538462
v -0.461538 -1.000000 -0.538462
v -0.538462 -1.000000 -0.538462
v -0.615385 -1.000000 -0.538462
v -0.692308 -1.000000 -0.538462
v -0.769231 -1.000000 -0.538462
v -0.846154 -1.000000 -0.538462
v -0.923077 -1.000000 -0.538462
v 0.923077 -1.000000 -0.461538
v 0.846154 -1.000000 -0.461538
v 0.769231 -1.000000 -0.461538
v 0.692308 -1.000000 -0.461538
v 0.615385 -1.000000 -0.461538
v 0.538462 -1.000000 -0.461538
v 0.461538 -1.000000 -0.461538
v 0.384615 -1.000000 -0.461538
v 0.307692 -1.000000 -0.461538
v 0.230769 -1.000000 -0.461538
v 0.153846 -1.000000 -0.461538
v 0.076923 -1.000000 -0.461538
v 0.000000 -1.000000 -0.461538
v -0.076923 -1.000000 -0.461538
v -0.153846 -1.000000 -0.461538
v -0.230769 -1.000000 -0.461538
v -0.307692 -1.000000 -0.461538
v -0.384615 -1.000000 -0.461538
v -0.461538 -1.000000 -0.461538
v -0.538462 -1.000000 -0.461538
v -0.615385 -1.000000 -0.461538
v -0.692308 -1.000000 -0.461538
v -0.769231 -1.000000 -0.461538
v -0.846154 -1.000000 -0.461538
v -0.923077 -1.000000 -0.461538
v 0.923077 -1.000000 -0.384615
v 0.846154 -1.000000 -0.384615
v 0.769231 -1.000000 -0.384615
v 0.692308 -1.000000 -0.384615
v 0.615385 -1.000000 -0.384615
v 0.538462 -1.000000 -0.384615
v 0.461538 -1.000000 -0.384615
v 0.384615 -1.000000 -0.384615
v 0.307692 -1.000000 -0.384615
v 0.230769 -1.000000 -0.384615
v 0.153846 -1.000000 -0.384615
v 0.076923 -1.000000 -0.384615
v 0.000000 -1.000000 -0.384615
v -0.076923 -1.000000 -0.384615
v -0.153846 -1.000000 -0.384615
v -0.230769 -1.000000 -0.384615
v -0.307692 -1.000000 -0.384615
v -0.384615 -1.000000 -0.384615
v -0.461538 -1.000000 -0.384615
v -0.538462 -1.000000 -0.384615
v -0.615385 -1.000000 -0.384615
v -0.692308 -1.000000 -0.384615
v -0.769231 -1.000000 -0.384615
v -0.846154 -1.000000 -0.384615
v -0.923077 -1.000000 -0.384615
v 0.923077 -1.000000 -0.307692
v 0.846154 -1.000000 -0.307692
v 0.769231 -1.000000 -0.307692
v 0.692308 -1.000000 -0.307692
v 0.615385 -1.000000 -0.307692
v 0.538462 -1.000000 -0.307692
v 0.461538 -1.000000 -0.307692
v 0.384615 -1.000000 -0.307692
v 0.307692 -1.000000 -0.307692
v 0.230769 -1.000000 -0.307692
v 0.153846 -1.000000 -0.307692
v 0.076923 -1.000000 -0.307692
v 0.000000 -1.000000 -0.307692
v -0.076923 -1.000000 -0.307692
v -0.153846 -1.000000 -0.307692
v -0.230769 -1.000000 -0.307692
v -0.307692 -1.000000 -0.307692
v -0.384615 -1.000000 -0.307692
v -0.461538 -1.000000 -0.307692
v -0.538462 -1.000000 -0.307692
v -0.615385 -1.000000 -0.307692
v -0.692308 -1.000000 -0.307692
v -0.769231 -1.000000 -0.307692
v -0.846154 -1.000000 -0.307692
v -0.923077 -1.000000 -0.307692
v 0.923077 -1.000000 -0.230769
v 0.846154 -1.000000 -0.230769
v 0.769231 -1.000000 -0.230769
v 0.692308 -1.000000 -0.230769
v 0.615385 -1.000000 -0.230769
v 0.538462 -1.000000 -0.230769
v 0.461538 -1.000000 -0.230769
v 0.384615 -1.000000 -0.230769
v 0.307692 -1.000000 -0.230769
v 0.230769 -1.000000 -0.230769
v 0.153846 -1.000000 -0.230769
v 0.076923 -1.000000 -0.230769
v 0.000000 -1.000000 -0.230769
v -0.076923 -1.000000 -0.230769
v -0.153846 -1.000000 -0.230769
v -0.230769 -1.000000 -0.230769
v -0.307692 -1.000000 -0.230769
v -0.384615 -1.000000 -0.230769
v -0.461538 -1.000000 -0.230769
v -0.538462 -1.000000 -0.230769
v -0.615385 -1.000000 -0.230769
v -0.692308 -1.000000 -0.230769
v -0.769231 -1.000000 -0.230769
v -0.846154 -1.000000 -0.230769
v -0.923077 -1.000000 -0.230769
v 0.923077 -1.000000 -0.153846
v 0.846154 -1.000000 -0.153846
v 0.769231 -1.000000 -0.153846
v 0.692308 -1.000000 -0.153846
v 0.615385 -1.000000 -0.153846
v 0.538462 -1.000000 -0.153846
v 0.461538 -1.000000 -0.153846
v 0.384615 -1.000000 -0.153846
v 0.307692 -1.000000 -0.153846
v 0.230769 -1.000000 -0.153846
v 0.153846 -1.000000 -0.153846
v 0.076923 -1.000000 -0.153846
v 0.000000 -1.000000 -0.153846
v -0.076923 -1.000000 -0.153846
v -0.153846 -1.000000 -0.153846
v -0.230769 -1.000000 -0.153846
v -0.307692 -1.000000 -0.153846
v -0.384615 -1.000000 -0.153846
v -0.461538 -1.000000 -0.153846
v -0.538462 -1.000000 -0.153846
v -0.615385 -1.000000 -0.153846
v -0.692308 -1.000000 -0.153846
v -0.769231 -1.000000 -0.153846
v -0.846154 -1.000000 -0.153846
v -0.923077 -1.000000 -0.153846
v 0.923077 -1.000000 -0.076923
v 0.846154 -1.000000 -0.076923
v 0.769231 -1.000000 -0.076923
v 0.692308 -1.000000 -0.076923
v 0.615385 -1.000000 -0.076923
v 0.538462 -1.000000 -0.076923
v 0.461538 -1.000000 -0.076923
v 0.384615 -1.000000 -0.076923
v 0.307692 -1.000000 -0.076923
v 0.230769 -1.000000 -0.076923
v 0.153846 -1.000000 -0.076923
v 0.076923 -1.000000 -0.076923
v 0.000000 -1.000000 -0.076923
v -0.076923 -1.000000 -0.076923
v -0.153846 -1.000000 -0.076923
v -0.230769 -1.000000 -0.076923
v -0.307692 -1.000000 -0.076923
v -0.384615 -1.000000 -0.076923
v -0.461538 -1.000000 -0.076923
v -0.538462 -1.000000 -0.076923
v -0.615385 -1.000000 -0.076923
v -0.692308 -1.000000 -0.076923
v -0.769231 -1.000000 -0.076923
v -0.846154 -1.000000 -0.076923
v -0.923077 -1.000000 -0.076923
v 0.923077 -1.000000 0.000000
v 0.846154 -1.000000 0.000000
v 0.769231 -1.000000 0.000000
v 0.692308 -1.000000 0.000000
v 0.615385 -1.000000 0.000000
v 0.538462 -1.000000 0.000000
v 0.461538 -1.000000 0.000000
v 0.384615 -1.000000 0.000000
v 0.307692 -1.000000 0.000000
v 0.230769 -1.000000 0.000000
v 0.153846 -1.000000 0.000000
v 0.076923 -1.000000 0.000000
v 0.000000 -1.000000 0.000000
v -0.076923 -1.000000 -0.000000
v -0.153846 -1.000000 -0.000000
v -0.230769 -1.000000 -0.000000
v -0.307692 -1.000000 -0.000000
v -0.384615 -1.000000 -0.000000
v -0.461538 -1.000000 -0.000000
v -0.538462 -1.000000 -0.000000
v -0.615385 -1.000000 -0.000000
v -0.692308 -1.000000 -0.000000
v -0.769231 -1.000000 -0.000000
v -0.846154 -1.000000 -0.000000
v -0.923077 -1.000000 -0.000000
v 0.923077 -1.000000 0.076923
v 0.846154 -1.000000 0.076923
v 0.769231 -1.000000 0.076923
v 0.692308 -1.000000 0.076923
v 0.615385 -1.000000 0.076923
v 0.538462 -1.000000 0.076923
v 0.461538 -1.000000 0.076923
v 0.384615 -1.000000 0.076923
v 0.307692 -1.000000 0.076923
v 0.230769 -1.000000 0.076923
v 0.153846 -1.000000 0.076923
v 0.076923 -1.000000 0.076923
v 0.000000 -1.000000 0.076923
v -0.076923 -1.000000 0.076923
v -0.153846 -1.000000 0.076923
v -0.230769 -1.000000 0.076923
v -0.307692 -1.000000 0.076923
v -0.384615 -1.000000 0.076923
v -0.461538 -1.000000 0.076923
v -0.538462 -1.000000 0.076923
v -0.615385 -1.000000 0.076923
v -0.692308 -1.000000 0.076923
v -0.769231 -1.000000 0.076923
v -0.846154 -1.000000 0.076923
v -0.923077 -1.000000 0.076923
v 0.923077 -1.000000 0.153846
v 0.846154 -1.000000 0.153846
v 0.769231 -1.000000 0.153846
v 0.692308 -1.000000 0.153846
v 0.615385 -1.000000 0.153846
v 0.538462 -1.000000 0.153846
v 0.461538 -1.000000 0.153846
v 0.384615 -1.000000 0.153846
v 0.307692 -1.000000 0.153846
v 0.230769 -1.000000 0.153846
v 0.153846 -1.000000 0.153846
v 0.076923 -1.000000 0.153846
v 0.000000 -1.000000 0.153846
v -0.076923 -1.000000 0.153846
v -0.153846 -1.000000 0.153846
v -0.230769 -1.000000 0.153846
v -0.307692 -1.000000 0.153846
v -0.384615 -1.000000 0.153846
v -0.461538 -1.000000 0.153846
v -0.538462 -1.000000 0.153846
v -0.615385 -1.000000 0.153846
v -0.692308 -1.000000 0.153846
v -0.769231 -1.000000 0.153846
v -0.846154 -1.000000 0.153846
v -0.923077 -1.000000 0.153846
v 0.923077 -1.000000 0.230769
v 0.846154 -1.000000 0.230769
v 0.769231 -1.000000 0.230769
v 0.692308 -1.000000 0.230769
v 0.615385 -1.000000 0.230769
v 0.538462 -1.000000 0.230769
v 0.461538 -1.000000 0.230769
v 0.384615 -1.000000 0.230769
v 0.307692 -1.000000 0.230769
v 0.230769 -1.000000 0.230769
v 0.153846 -1.000000 0.230769
v 0.076923 -1.000000 0.230769
v 0.000000 -1.000000 0.230769
v -0.076923 -1.000000 0.230769
v -0.153846 -1.000000 0.230769
v -0.230769 -1.000000 0.230769
v -0.307692 -1.000000 0.230769
v -0.384615 -1.000000 0.230769
v -0.461538 -1.000000 0.230769
v -0.538462 -1.000000 0.230769
v -0.615385 -1.000000 0.230769
v -0.692308 -1.000000 0.230769
v -0.769231 -1.000000 0.230769
v -0.846154 -1.000000 0.230769
v -0.923077 -1.000000 0.230769
v 0.923077 -1.000000 0.307692
v 0.846154 -1.000000 0.307692
v 0.769231 -1.000000 0.307692
v 0.692308 -1.000000 0.307692
v 0.615385 -1.000000 0.307692
v 0.538462 -1.000000 0.307692
v 0.461538 -1.000000 0.307692
v 0.384615 -1.000000 0.307692
v 0.307692 -1.000000 0.307692
v 0.230769 -1.000000 0.307692
v 0.153846 -1.000000 0.307692
v 0.076923 -1.000000 0.307692
v 0.000000 -1.000000 0.307692
v -0.076923 -1.000000 0.307692
v -0.153846 -1.000000 0.307692
v -0.230769 -1.000000 0.307692
v -0.307692 -1.000000 0.307692
v -0.384615 -1.000000 0.307692
v -0.461538 -1.000000 0.307692
v -0.538462 -1.000000 0.307692
v -0.615385 -1.000000 0.307692
v -0.692308 -1.000000 0.307692
v -0.769231 -1.000000 0.307692
v -0.846154 -1.000000 0.307692
v -0.923077 -1.000000 0.307692
v 0.923077 -1.000000 0.384615
v 0.846154 -1.000000 0.384615
v 0.769231 -1.000000 0.384615
v 0.692308 -1.000000 0.384615
v 0.615385 -1.000000 0.384615
v 0.538462 -1.000000 0.384615
v 0.461538 -1.000000 0.384615
v 0.384615 -1.000000 0.384615
v 0.307692 -1.000000 0.384615
v 0.230769 -1.000000 0.384615
v 0.153846 -1.000000 0.384615
v 0.076923 -1.000000 0.384615
v 0.000000 -1.000000 0.384615
v -0.076923 -1.000000 0.384615
v -0.153846 -1.000000 0.384615
v -0.230769 -1.000000 0.384615
v -0.307692 -1.000000 0.384615
v -0.384615 -1.000000 0.384615
v -0.461538 -1.000000 0.384615
v -0.538462 -1.000000 0.384615
v -0.615385 -1.000000 0.384615
v -0.692308 -1.000000 0.384615
v -0.769231 -1.000000 0.384615
v -0.846154 -1.000000 0.384615
v -0.923077 -1.000000 0.384615
v 0.923077 -1.000000 0.461538
v 0.846154 -1.000000 0.461538
v 0.769231 -1.000000 0.461538
v 0.692308 -1.000000 0.461538
v 0.615385 -1.000000 0.461538
v 0.538462 -1.000000 0.461538
v 0.461538 -1.000000 0.461538
v 0.384615 -1.000000 0.461538
v 0.307692 -1.000000 0.461538
v 0.230769 -1.000000 0.461538
v 0.153846 -1.000000 0.461538
v 0.076923 -1.000000 0.461538
v 0.000000 -1.000000 0.461538
v -0.076923 -1.000000 0.461538
v -0.153846 -1.000000 0.461538
v -0.230769 -1.000000 0.461538
v -0.307692 -1.000000 0.461538
v -0.384615 -1.000000 0.461538
v -0.461538 -1.000000 0.461538
v -0.538462 -1.000000 0.461538
v -0.615385 -1.000000 0.461538
v -0.692308 -1.000000 0.461538
v -0.769231 -1.000000 0.461538
v -0.846154 -1.000000 0.461538
v -0.923077 -1.000000 0.461538
v 0.923077 -1.000000 0.538462
v 0.846154 -1.000000 0.538462
v 0.769231 -1.000000 0.538462
v 0.692308 -1.000000 0.538462
v 0.615385 -1.000000 0.538462
v 0.538462 -1.000000 0.538462
v 0.461538 -1.000000 0.538462
v 0.384615 -1.000000 0.538462
v 0.307692 -1.000000 0.538462
v 0.230769 -1.000000 0.538462
v 0.153846 -1.000000 0.538462
v 0.076923 -1.000000 0.538462
v 0.000000 -1.000000 0.538462
v -0.076923 -1.000000 0.538462
v -0.153846 -1.000000 0.538462
v -0.230769 -1.000000 0.538462
v -0.307692 -1.000000 0.538462
v -0.384615 -1.000000 0.538462
v -0.461538 -1.000000 0.538462
v -0.538462 -1.000000 0.538462
v -0.615385 -1.000000 0.538462
v -0.692308 -1.000000 0.538462
v -0.769231 -1.000000 0.538462
v -0.846154 -1.000000 0.538462
v -0.923077 -1.000000 0.538462
v 0.923077 -1.000000 0.615385
v 0.846154 -1.000000 0.615385
v 0.769231 -1.000000 0.615385
v 0.692308 -1.000000 0.615385
v 0.615385 -1.000000 0.615385
v 0.538462 -1.000000 0.615385
v 0.461538 -1.000000 0.615385
v 0.384615 -1.000000 0.615385
v 0.307692 -1.000000 0.615385
v 0.230769 -1.000000 0.615385
v 0.153846 -1.000000 0.615385
v 0.076923 -1.000000 0.615385
v 0.000000 -1.000000 0.615385
v -0.076923 -1.000000 0.615385
v -0.153846 -1.000000 0.615385
v -0.230769 -1.000000 0.615385
v -0.307692 -1.000000 0.615385
v -0.384615 -1.000000 0.615385
v -0.461538 -1.000000 0.615385
v -0.538462 -1.000000 0.615385
v -0.615385 -1.000000 0.615385
v -0.692308 -1.000000 0.615385
v -0.769231 -1.000000 0.615385
v -0.846154 -1.000000 0.615385
v -0.923077 -1.000000 0.615385
v 0.923077 -1.000000 0.692308
v 0.846154 -1.000000 0.692308
v 0.769231 -1.000000 0.692308
v 0.692308 -1.000000 0.692308
v 0.615385 -1.000000 0.692308
v 0.538462 -1.000000 0.692308
v 0.461538 -1.000000 0.692308
v 0.384615 -1.000000 0.692308
v 0.307692 -1.000000 0.692308
v 0.230769 -1.000000 0.692308
v 0.153846 -1.000000 0.692308
v 0.076923 -1.000000 0.692308
v 0.000000 -1.000000 0.692308
v -0.076923 -1.000000 0.692308
v -0.153846 -1.000000 0.692308
v -0.230769 -1.000000 0.692308
v -0.307692 -1.000000 0.692308
v -0.384615 -1.000000 0.692308
v -0.461538 -1.000000 0.692308
v -0.538462 -1.000000 0.692308
v -0.615385 -1.000000 0.692308
v -0.692308 -1.000000 0.692308
v -0.769231 -1.000000 0.692308
v -0.846154 -1.000000 0.692308
v -0.923077 -1.000000 0.692308
v 0.923077 -1.000000 0.769231
v 0.846154 -1.000000 0.769231
v 0.769231 -1.000000 0.769231
v 0.692308 -1.000000 0.769231
v 0.615385 -1.000000 0.769231
v 0.538462 -1.000000 0.769231
v 0.461538 -1.000000 0.769231
v 0.384615 -1.000000 0.769231
v 0.307692 -1.000000 0.769231
v 0.230769 -1.000000 0.769231
v 0.153846 -1.000000 0.769231
v 0.076923 -1.000000 0.769231
v 0.000000 -1.000000 0.769231
v -0.076923 -1.000000 0.769231
v -0.153846 -1.000000 0.769231
v -0.230769 -1.000000 0.769231
v -0.307692 -1.000000 0.769231
v -0.384615 -1.000000 0.769231
v -0.461538 -1.000000 0.769231
v -0.538462 -1.000000 0.769231
v -0.615385 -1.000000 0.769231
v -0.692308 -1.000000 0.769231
v -0.769231 -1.000000 0.769231
v -0.846154 -1.000000 0.769231
v -0.923077 -1.000000 0.769231
v 0.923077 -1.000000 0.846154
v 0.846154 -1.000000 0.846154
v 0.769231 -1.000000 0.846154
v 0.692308 -1.000000 0.846154
v 0.615385 -1.000000 0.846154
v 0.538462 -1.000000 0.846154
v 0.461538 -1.000000 0.846154
v 0.384615 -1.000000 0.846154
v 0.307692 -1.000000 0.846154
v 0.230769 -1.000000 0.846154
v 0.153846 -1.000000 0.846154
v 0.076923 -1.000000 0.846154
v 0.000000 -1.000000 0.846154
v -0.076923 -1.000000 0.846154
v -0.153846 -1.000000 0.846154
v -0.230769 -1.000000 0.846154
v -0.307692 -1.000000 0.846154
v -0.384615 -1.000000 0.846154
v -0.461538 -1.000000 0.846154
v -0.538462 -1.000000 0.846154
v -0.615385 -1.000000 0.846154
v -0.692308 -1.000000 0.846154
v -0.769231 -1.000000 0.846154
v -0.846154 -1.000000 0.846154
v -0.923077 -1.000000 0.846154
v 0.923077 -1.000000 0.923077
v 0.846154 -1.000000 0.923077
v 0.769231 -1.000000 0.923077
v 0.692308 -1.000000 0.923077
v 0.615385 -1.000000 0.923077
v 0.538462 -1.000000 0.923077
v 0.461538 -1.000000 0.923077
v 0.384615 -1.000000 0.923077
v 0.307692 -1.000000 0.923077
v 0.230769 -1.000000 0.923077
v 0.153846 -1.000000 0.923077
v 0.076923 -1.000000 0.923077
v 0.000000 -1.000000 0.923077
v -0.076923 -1.000000 0.923077
v -0.153846 -1.000000 0.923077
v -0.230769 -1.000000 0.923077
v -0.307692 -1.000000 0.923077
v -0.384615 -1.000000 0.923077
v -0.461538 -1.000000 0.923077
v -0.538462 -1.000000 0.923077
v -0.615385 -1.000000 0.923077
v -0.692308 -1.000000 0.923077
v -0.769231 -1.000000 0.923077
v -0.846154 -1.000000 0.923077
v -0.923077 -1.000000 0.923077
v 0.923077 -0.923077 1.000000
v 0.846154 -0.923077 1.000000
v 0.769231 -0.923077 1.000000
v 0.692308 -0.923077 1.000000
v 0.615385 -0.923077 1.000000
v 0.538462 -0.923077 1.000000
v 0.461538 -0.923077 1.000000
v 0.384615 -0.923077 1.000000
v 0.307692 -0.923077 1.000000
v 0.230769 -0.923077 1.000000
v 0.153846 -0.923077 1.000000
v 0.076923 -0.923077 1.000000
v 0.000000 -0.923077 1.000000
v -0.076923 -0.923077 1.000000
v -0.153846 -0.923077 1.000000
v -0.230769 -0.923077 1.000000
v -0.307692 -0.923077 1.000000
v -0.384615 -0.923077 1.000000
v -0.461538 -0.923077 1.000000
v -0.538462 -0.923077 1.000000
v -0.615385 -0.923077 1.000000
v -0.692308 -0.923077 1.000000
v -0.769231 -0.923077 1.000000
v -0.846154 -0.923077 1.000000
v -0.923077 -0.923077 1.000000
v 0.923077 -0.846154 1.000000
v 0.846154 -0.846154 1.000000
v 0.769231 -0.846154 1.000000
v 0.692308 -0.846154 1.000000
v 0.615385 -0.846154 1.000000
v 0.538462 -0.846154 1.000000
v 0.461538 -0.846154 1.000000
v 0.384615 -0.846154 1.000000
v 0.307692 -0.846154 1.000000
v 0.230769 -0.846154 1.000000
v 0.153846 -0.846154 1.000000
v 0.076923 -0.846154 1.000000
v 0.000000 -0.846154 1.000000
v -0.076923 -0.846154 1.000000
v -0.153846 -0.846154 1.000000
v -0.230769 -0.846154 1.000000
v -0.307692 -0.846154 1.000000
v -0.384615 -0.846154 1.000000
v -0.461538 -0.846154 1.000000
v -0.538462 -0.846154 1.000000
v -0.615385 -0.846154 1.000000
v -0.692308 -0.846154 1.000000
v -0.769231 -0.846154 1.000000
v -0.846154 -0.846154 1.000000
v -0.923077 -0.846154 1.000000
v 0.923077 -0.769231 1.000000
v 0.846154 -0.769231 1.000000
v 0.769231 -0.769231 1.000000
v 0.692308 -0.769231 1.000000
v 0.615385 -0.769231 1.000000
v 0.538462 -0.769231 1.000000
v 0.461538 -0.769231 1.000000
v 0.384615 -0.769231 1.000000
v 0.307692 -0.769231 1.000000
v 0.230769 -0.769231 1.000000
v 0.153846 -0.769231 1.000000
v 0.076923 -0.769231 1.000000
v 0.000000 -0.769231 1.000000
v -0.076923 -0.769231 1.000000
v -0.153846 -0.769231 1.000000
v -0.230769 -0.769231 1.000000
v -0.307692 -0.769231 1.000000
v -0.384615 -0.769231 1.000000
v -0.461538 -0.769231 1.000000
v -0.538462 -0.769231 1.000000
v -0.615385 -0.769231 1.000000
v -0.692308 -0.769231 1.000000
v -0.769231 -0.769231 1.000000
v -0.846154 -0.769231 1.000000
v -0.923077 -0.769231 1.000000
v 0.923077 -0.692308 1.000000
v 0.846154 -0.692308 1.000000
v 0.769231 -0.692308 1.000000
v 0.692308 -0.692308 1.000000
v 0.615385 -0.692308 1.000000
v 0.538462 -0.692308 1.000000
v 0.461538 -0.692308 1.000000
v 0.384615 -0.692308 1.000000
v 0.307692 -0.692308 1.000000
v 0.230769 -0.692308 1.000000
v 0.153846 -0.692308 1.000000
v 0.076923 -0.692308 1.000000
v 0.000000 -0.692308 1.000000
v -0.076923 -0.692308 1.000000
v -0.153846 -0.692308 1.000000
v -0.230769 -0.692308 1.000000
v -0.307692 -0.692308 1.000000
v -0.384615 -0.692308 1.000000
v -0.461538 -0.692308 1.000000
v -0.538462 -0.692308 1.000000
v -0.615385 -0.692308 1.000000
v -0.692308 -0.692308 1.000000
v -0.769231 -0.692308 1.000000
v -0.846154 -0.692308 1.000000
v -0.923077 -0.692308 1.000000
v 0.923077 -0.615385 1.000000
v 0.846154 -0.615385 1.000000
v 0.769231 -0.615385 1.000000
v 0.692308 -0.615385 1.000000
v 0.615385 -0.615385 1.000000
v 0.538462 -0.615385 1.000000
v 0.461538 -0.615385 1.000000
v 0.384615 -0.615385 1.000000
v 0.307692 -0.615385 1.000000
v 0.230769 -0.615385 1.000000
v 0.153846 -0.615385 1.000000
v 0.076923 -0.615385 1.000000
v 0.000000 -0.615385 1.000000
v -0.076923 -0.615385 1.000000
v -0.153846 -0.615385 1.000000
v -0.230769 -0.615385 1.000000
v -0.307692 -0.615385 1.000000
v -0.384615 -0.615385 1.000000
v -0.461538 -0.615385 1.000000
v -0.538462 -0.615385 1.000000
v -0.615385 -0.615385 1.000000
v -0.692308 -0.615385 1.000000
v -0.769231 -0.615385 1.000000
v -0.846154 -0.615385 1.000000
v -0.923077 -0.615385 1.000000
v 0.923077 -0.538462 1.000000
v 0.846154 -0.538462 1.000000
v 0.769231 -0.538462 1.000000
v 0.692308 -0.538462 1.000000
v 0.615385 -0.538462 1.000000
v 0.538462 -0.538462 1.000000
v 0.461538 -0.538462 1.000000
v 0.384615 -0.538462 1.000000
v 0.307692 -0.538462 1.000000
v 0.230769 -0.538462 1.000000
v 0.153846 -0.538462 1.000000
v 0.076923 -0.538462 1.000000
v 0.000000 -0.538462 1.000000
v -0.076923 -0.538462 1.000000
v -0.153846 -0.538462 1.000000
v -0.230769 -0.538462 1.000000
v -0.307692 -0.538462 1.000000
v -0.384615 -0.538462 1.000000
v -0.461538 -0.538462 1.000000
v -0.538462 -0.538462 1.000000
v -0.615385 -0.538462 1.000000
v -0.692308 -0.538462 1.000000
v -0.769231 -0.538462 1.000000
v -0.846154 -0.538462 1.000000
v -0.923077 -0.538462 1.000000
v 0.923077 -0.461538 1.000000
v 0.846154 -0.461538 1.000000
v 0.769231 -0.461538 1.000000
v 0.692308 -0.461538 1.000000
v 0.615385 -0.461538 1.000000
v 0.538462 -0.461538 1.000000
v 0.461538 -0.461538 1.000000
v 0.384615 -0.461538 1.000000
v 0.307692 -0.461538 1.000000
v 0.230769 -0.461538 1.000000
v 0.153846 -0.461538 1.000000
v 0.076923 -0.461538 1.000000
v 0.000000 -0.461538 1.000000
v -0.076923 -0.461538 1.000000
v -0.153846 -0.461538 1.000000
v -0.230769 -0.461538 1.000000
v -0.307692 -0.461538 1.000000
v -0.384615 -0.461538 1.000000
v -0.461538 -0.461538 1.000000
v -0.538462 -0.461538 1.000000
v -0.615385 -0.461538 1.000000
v -0.692308 -0.461538 1.000000
v -0.769231 -0.461538 1.000000
v -0.846154 -0.461538 1.000000
v -0.923077 -0.461538 1.000000
v 0.923077 -0.384615 1.000000
v 0.846154 -0.384615 1.000000
v 0.769231 -0.384615 1.000000
v 0.692308 -0.384615 1.000000
v 0.615385 -0.384615 1.000000
v 0.538462 -0.384615 1.000000
v 0.461538 -0.384615 1.000000
v 0.384615 -0.384615 1.000000
v 0.307692 -0.384615 1.000000
v 0.230769 -0.384615 1.000000
v 0.153846 -0.384615 1.000000
v 0.076923 -0.384615 1.000000
v 0.000000 -0.384615 1.000000
v -0.076923 -0.384615 1.000000
v -0.153846 -0.384615 1.000000
v -0.230769 -0.384615 1.000000
v -0.307692 -0.384615 1.000000
v -0.384615 -0.384615 1.000000
v -0.461538 -0.384615 1.000000
v -0.538462 -0.384615 1.000000
v -0.615385 -0.384615 1.000000
v -0.692308 -0.384615 1.000000
v -0.769231 -0.384615 1.000000
v -0.846154 -0.384615 1.000000
v -0.923077 -0.384615 1.000000
v 0.923077 -0.307692 1.000000
v 0.846154 -0.307692 1.000000
v 0.769231 -0.307692 1.000000
v 0.692308 -0.307692 1.000000
v 0.615385 -0.307692 1.000000
v 0.538462 -0.307692 1.000000
v 0.461538 -0.307692 1.000000
v 0.384615 -0.307692 1.000000
v 0.307692 -0.307692 1.000000
v 0.230769 -0.307692 1.000000
v 0.153846 -0.307692 1.000000
v 0.076923 -0.307692 1.000000
v 0.000000 -0.307692 1.000000
v -0.076923 -0.307692 1.000000
v -0.153846 -0.307692 1.000000
v -0.230769 -0.307692 1.000000
v -0.307692 -0.307692 1.000000
v -0.384615 -0.307692 1.000000
v -0.461538 -0.307692 1.000000
v -0.538462 -0.307692 1.000000
v -0.615385 -0.307692 1.000000
v -0.692308 -0.307692 1.000000
v -0.769231 -0.307692 1.000000
v -0.846154 -0.307692 1.000000
v -0.923077 -0.307692 1.000000
v 0.923077 -0.230769 1.000000
v 0.846154 -0.230769 1.000000
v 0.769231 -0.230769 1.000000
v 0.692308 -0.230769 1.000000
v 0.615385 -0.230769 1.000000
v 0.538462 -0.230769 1.000000
v 0.461538 -0.230769 1.000000
v 0.384615 -0.230769 1.000000
v 0.307692 -0.230769 1.000000
v 0.230769 -0.230769 1.000000
v 0.153846 -0.230769 1.000000
v 0.076923 -0.230769 1.000000
v 0.000000 -0.230769 1.000000
v -0.076923 -0.230769 1.000000
v -0.153846 -0.230769 1.000000
v -0.230769 -0.230769 1.000000
v -0.307692 -0.230769 1.000000
v -0.384615 -0.230769 1.000000
v -0.461538 -0.230769 1.000000
v -0.538462 -0.230769 1.000000
v -0.615385 -0.230769 1.000000
v -0.692308 -0.230769 1.000000
v -0.769231 -0.230769 1.000000
v -0.846154 -0.230769 1.000000
v -0.923077 -0.230769 1.000000
v 0.923077 -0.153846 1.000000
v 0.846154 -0.153846 1.000000
v 0.769231 -0.153846 1.000000
v 0.692308 -0.153846 1.000000
v 0.615385 -0.153846 1.000000
v 0.538462 -0.153846 1.000000
v 0.461538 -0.153846 1.000000
v 0.384615 -0.153846 1.000000
v 0.307692 -0.153846 1.000000
v 0.230769 -0.153846 1.000000
v 0.153846 -0.153846 1.000000
v 0.076923 -0.153846 1.000000
v 0.000000 -0.153846 1.000000
v -0.076923 -0.153846 1.000000
v -0.153846 -0.153846 1.000000
v -0.230769 -0.153846 1.000000
v -0.307692 -0.153846 1.000000
v -0.384615 -0.153846 1.000000
v -0.461538 -0.153846 1.000000
v -0.538462 -0.153846 1.000000
v -0.615385 -0.153846 1.000000
v -0.692308 -0.153846 1.000000
v -0.769231 -0.153846 1.000000
v -0.846154 -0.153846 1.000000
v -0.923077 -0.153846 1.000000
v 0.923077 -0.076923 1.000000
v 0.846154 -0.076923 1.000000
v 0.769231 -0.076923 1.000000
v 0.692308 -0.076923 1.000000
v 0.615385 -0.076923 1.000000
v 0.538462 -0.076923 1.000000
v 0.461538 -0.076923 1.000000
v 0.384615 -0.076923 1.000000
v 0.307692 -0.076923 1.000000
v 0.230769 -0.076923 1.000000
v 0.153846 -0.076923 1.000000
v 0.076923 -0.076923 1.000000
v 0.000000 -0.076923 1.000000
v -0.076923 -0.076923 1.000000
v -0.153846 -0.076923 1.000000
v -0.230769 -0.076923 1.000000
v -0.307692 -0.076923 1.000000
v -0.384615 -0.076923 1.000000
v -0.461538 -0.076923 1.000000
v -0.538462 -0.076923 1.000000
v -0.615385 -0.076923 1.000000
v -0.692308 -0.076923 1.000000
v -0.769231 -0.076923 1.000000
v -0.846154 -0.076923 1.000000
v -0.923077 -0.076923 1.000000
v 0.923077 0.000000 1.000000
v 0.846154 0.000000 1.000000
v 0.769231 0.000000 1.000000
v 0.692308 0.000000 1.000000
v 0.615385 0.000000 1.000000
v 0.538462 0.000000 1.000000
v 0.461538 0.000000 1.000000
v 0.384615 0.000000 1.000000
v 0.307692 0.000000 1.000000
v 0.230769 0.000000 1.000000
v 0.153846 0.000000 1.000000
v 0.076923 0.000000 1.000000
v 0.000000 0.000000 1.000000
v -0.076923 -0.000000 1.000000
v -0.153846 -0.000000 1.000000
v -0.230769 -0.000000 1.000000
v -0.307692 -0.000000 1.000000
v -0.384615 -0.000000 1.000000
v -0.461538 -0.000000 1.000000
v -0.538462 -0.000000 1.000000
v -0.615385 -0.000000 1.000000
v -0.692308 -0.000000 1.000000
v -0.769231 -0.000000 1.000000
v -0.846154 -0.000000 1.000000
v -0.923077 -0.000000 1.000000
v 0.923077 0.076923 1.000000
v 0.846154 0.076923 1.000000
v 0.769231 0.076923 1.000000
v 0.692308 0.076923 1.000000
v 0.615385 0.076923 1.000000
v 0.538462 0.076923 1.000000
v 0.461538 0.076923 1.000000
v 0.384615 0.076923 1.000000
v 0.307692 0.076923 1.000000
v 0.230769 0.076923 1.000000
v 0.153846 0.076923 1.000000
v 0.076923 0.076923 1.000000
v 0.000000 0.076923 1.000000
v -0.076923 0.076923 1.000000
v -0.153846 0.076923 1.000000
v -0.230769 0.076923 1.000000
v -0.307692 0.076923 1.000000
v -0.384615 0.076923 1.000000
v -0.461538 0.076923 1.000000
v -0.538462 0.076923 1.000000
v -0.615385 0.076923 1.000000
v -0.692308 0.076923 1.000000
v -0.769231 0.076923 1.000000
v -0.846154 0.076923 1.000000
v -0.923077 0.076923 1.000000
v 0.923077 0.153846 1.000000
v 0.846154 0.153846 1.000000
v 0.769231 0.153846 1.000000
v 0.692308 0.153846 1.000000
v 0.615385 0.153846 1.000000
v 0.538462 0.153846 1.000000
v 0.461538 0.153846 1.000000
v 0.384615 0.153846 1.000000
v 0.307692 0.153846 1.000000
v 0.230769 0.153846 1.000000
v 0.153846 0.153846 1.000000
v 0.076923 0.153846 1.000000
v 0.000000 0.153846 1.000000
v -0.076923 0.153846 1.000000
v -0.153846 0.153846 1.000000
v -0.230769 0.153846 1.000000
v -0.307692 0.153846 1.000000
v -0.384615 0.153846 1.000000
v -0.461538 0.153846 1.000000
v -0.538462 0.153846 1.000000
v -0.615385 0.153846 1.000000
v -0.692308 0.153846 1.000000
v -0.769231 0.153846 1.000000
v -0.846154 0.153846 1.000000
v -0.923077 0.153846 1.000000
v 0.923077 0.230769 1.000000
v 0.846154 0.230769 1.000000
v 0.769231 0.230769 1.000000
v 0.692308 0.230769 1.000000
v 0.615385 0.230769 1.000000
v 0.538462 0.230769 1.000000
v 0.461538 0.230769 1.000000
v 0.384615 0.230769 1.000000
v 0.307692 0.230769 1.000000
v 0.230769 0.230769 1.000000
v 0.153846 0.230769 1.000000
v 0.076923 0.230769 1.000000
v 0.000000 0.230769 1.000000
v -0.076923 0.230769 1.000000
v -0.153846 0.230769 1.000000
v -0.230769 0.230769 1.000000
v -0.307692 0.230769 1.000000
v -0.384615 0.230769 1.000000
v -0.461538 0.230769 1.000000
v -0.538462 0.230769 1.000000
v -0.615385 0.230769 1.000000
v -0.692308 0.230769 1.000000
v -0.769231 0.230769 1.000000
v -0.846154 0.230769 1.000000
v -0.923077 0.230769 1.000000
v 0.923077 0.307692 1.000000
v 0.846154 0.307692 1.000000
v 0.769231 0.307692 1.000000
v 0.692308 0.307692 1.000000
v 0.615385 0.307692 1.000000
v 0.538462 0.307692 1.000000
v 0.461538 0.307692 1.000000
v 0.384615 0.307692 1.000000
v 0.307692 0.307692 1.000000
v 0.230769 0.307692 1.000000
v 0.153846 0.307692 1.000000
v 0.076923 0.307692 1.000000
v 0.000000 0.307692 1.000000
v -0.076923 0.307692 1.000000
v -0.153846 0.307692 1.000000
v -0.230769 0.307692 1.000000
v -0.307692 0.307692 1.000000
v -0.384615 0.307692 1.000000
v -0.461538 0.307692 1.000000
v -0.538462 0.307692 1.000000
v -0.615385 0.307692 1.000000
v -0.692308 0.307692 1.000000
v -0.769231 0.307692 1.000000
v -0.846154 0.307692 1.000000
v -0.923077 0.307692 1.000000
v 0.923077 0.384615 1.000000
v 0.846154 0.384615 1.000000
v 0.769231 0.384615 1.000000
v 0.692308 0.384615 1.000000
v 0.615385 0.384615 1.000000
v 0.538462 0.384615 1.000000
v 0.461538 0.384615 1.000000
v 0.384615 0.384615 1.000000
v 0.307692 0.384615 1.000000
v 0.230769 0.384615 1.000000
v 0.153846 0.384615 1.000000
v 0.076923 0.384615 1.000000
v 0.000000 0.384615 1.000000
v -0.076923 0.384615 1.000000
v -0.153846 0.384615 1.000000
v -0.230769 0.384615 1.000000
v -0.307692 0.384615 1.000000
v -0.384615 0.384615 1.000000
v -0.461538 0.384615 1.000000
v -0.538462 0.384615 1.000000
v -0.615385 0.384615 1.000000
v -0.692308 0.384615 1.000000
v -0.769231 0.384615 1.000000
v -0.846154 0.384615 1.000000
v -0.923077 0.384615 1.000000
v 0.923077 0.461538 1.000000
v 0.846154 0.461538 1.000000
v 0.769231 0.461538 1.000000
v 0.692308 0.461538 1.000000
v 0.615385 0.461538 1.000000
v 0.538462 0.461538 1.000000
v 0.461538 0.461538 1.000000
v 0.384615 0.461538 1.000000
v 0.307692 0.461538 1.000000
v 0.230769 0.461538 1.000000
v 0.153846 0.461538 1.000000
v 0.076923 0.461538 1.000000
v 0.000000 0.461538 1.000000
v -0.076923 0.461538 1.000000
v -0.153846 0.461538 1.000000
v -0.230769 0.461538 1.000000
v -0.307692 0.461538 1.000000
v -0.384615 0.461538 1.000000
v -0.461538 0.461538 1.000000
v -0.538462 0.461538 1.000000
v -0.615385 0.461538 1.000000
v -0.692308 0.461538 1.000000
v -0.769231 0.461538 1.000000
v -0.846154 0.461538 1.000000
v -0.923077 0.461538 1.000000
v 0.923077 0.538462 1.000000
v 0.846154 0.538462 1.000000
v 0.769231 0.538462 1.000000
v 0.692308 0.538462 1.000000
v 0.615385 0.538462 1.000000
v 0.538462 0.538462 1.000000
v 0.461538 0.538462 1.000000
v 0.384615 0.538462 1.000000
v 0.307692 0.538462 1.000000
v 0.230769 0.538462 1.000000
v 0.153846 0.538462 1.000000
v 0.076923 0.538462 1.000000
v 0.000000 0.538462 1.000000
v -0.076923 0.538462 1.000000
v -0.153846 0.538462 1.000000
v -0.230769 0.538462 1.000000
v -0.307692 0.538462 1.000000
v -0.384615 0.538462 1.000000
v -0.461538 0.538462 1.000000
v -0.538462 0.538462 1.000000
v -0.615385 0.538462 1.000000
v -0.692308 0.538462 1.000000
v -0.769231 0.538462 1.000000
v -0.846154 0.538462 1.000000
v -0.923077 0.538462 1.000000
v 0.923077 0.615385 1.000000
v 0.846154 0.615385 1.000000
v 0.769231 0.615385 1.000000
v 0.692308 0.615385 1.000000
v 0.615385 0.615385 1.000000
v 0.538462 0.615385 1.000000
v 0.461538 0.615385 1.000000
v 0.384615 0.615385 1.000000
v 0.307692 0.615385 1.000000
v 0.230769 0.615385 1.000000
v 0.153846 0.615385 1.000000
v 0.076923 0.615385 1.000000
v 0.000000 0.615385 1.000000
v -0.076923 0.615385 1.000000
v -0.153846 0.615385 1.000000
v -0.230769 0.615385 1.000000
v -0.307692 0.615385 1.000000
v -0.384615 0.615385 1.000000
v -0.461538 0.615385 1.000000
v -0.538462 0.615385 1.000000
v -0.615385 0.615385 1.000000
v -0.692308 0.615385 1.000000
v -0.769231 0.615385 1.000000
v -0.846154 0.615385 1.000000
v -0.923077 0.615385 1.000000
v 0.923077 0.692308 1.000000
v 0.846154 0.692308 1.000000
v 0.769231 0.692308 1.000000
v 0.692308 0.692308 1.000000
v 0.615385 0.692308 1.000000
v 0.538462 0.692308 1.000000
v 0.461538 0.692308 1.000000
v 0.384615 0.692308 1.000000
v 0.307692 0.692308 1.000000
v 0.230769 0.692308 1.000000
v 0.153846 0.692308 1.000000
v 0.076923 0.692308 1.000000
v 0.000000 0.692308 1.000000
v -0.076923 0.692308 1.000000
v -0.153846 0.692308 1.000000
v -0.230769 0.692308 1.000000
v -0.307692 0.692308 1.000000
v -0.384615 0.692308 1.000000
v -0.461538 0.692308 1.000000
v -0.538462 0.692308 1.000000
v -0.615385 0.692308 1.000000
v -0.692308 0.692308 1.000000
v -0.769231 0.692308 1.000000
v -0.846154 0.692308 1.000000
v -0.923077 0.692308 1.000000
v 0.923077 0.769231 1.000000
v 0.846154 0.769231 1.000000
v 0.769231 0.769231 1.000000
v 0.692308 0.769231 1.000000
v 0.615385 0.769231 1.000000
v 0.538462 0.769231 1.000000
v 0.461538 0.769231 1.000000
v 0.384615 0.769231 1.000000
v 0.307692 0.769231 1.000000
v 0.230769 0.769231 1.000000
v 0.153846 0.769231 1.000000
v 0.076923 0.769231 1.000000
v 0.000000 0.769231 1.000000
v -0.076923 0.769231 1.000000
v -0.153846 0.769231 1.000000
v -0.230769 0.769231 1.000000
v -0.307692 0.769231 1.000000
v -0.384615 0.769231 1.000000
v -0.461538 0.769231 1.000000
v -0.538462 0.769231 1.000000
v -0.615385 0.769231 1.000000
v -0.692308 0.769231 1.000000
v -0.769231 0.769231 1.000000
v -0.846154 0.769231 1.000000
v -0.923077 0.769231 1.000000
v 0.923077 0.846154 1.000000
v 0.846154 0.846154 1.000000
v 0.769231 0.846154 1.000000
v 0.692308 0.846154 1.000000
v 0.615385 0.846154 1.000000
v 0.538462 0.846154 1.000000
v 0.461538 0.846154 1.000000
v 0.384615 0.846154 1.000000
v 0.307692 0.846154 1.000000
v 0.230769 0.846154 1.000000
v 0.153846 0.846154 1.000000
v 0.076923 0.846154 1.000000
v 0.000000 0.846154 1.000000
v -0.076923 0.846154 1.000000
v -0.153846 0.846154 1.000000
v -0.230769 0.846154 1.000000
v -0.307692 0.846154 1.000000
v -0.384615 0.846154 1.000000
v -0.461538 0.846154 1.000000
v -0.538462 0.846154 1.000000
v -0.615385 0.846154 1.000000
v -0.692308 0.846154 1.000000
v -0.769231 0.846154 1.000000
v -0.846154 0.846154 1.000000
v -0.923077 0.846154 1.000000
v 0.923077 0.923077 1.000000
v 0.846154 0.923077 1.000000
v 0.769231 0.923077 1.000000
v 0.692308 0.923077 1.000000
v 0.615385 0.923077 1.000000
v 0.538462 0.923077 1.000000
v 0.461538 0.923077 1.000000
v 0.384615 0.923077 1.000000
v 0.307692 0.923077 1.000000
v 0.230769 0.923077 1.000000
v 0.153846 0.923077 1.000000
v 0.076923 0.923077 1.000000
v 0.000000 0.923077 1.000000
v -0.076923 0.923077 1.000000
v -0.153846 0.923077 1.000000
v -0.230769 0.923077 1.000000
v -0.307692 0.923077 1.000000
v -0.384615 0.923077 1.000000
v -0.461538 0.923077 1.000000
v -0.538462 0.923077 1.000000
v -0.615385 0.923077 1.000000
v -0.692308 0.923077 1.000000
v -0.769231 0.923077 1.000000
v -0.846154 0.923077 1.000000
v -0.923077 0.923077 1.000000
v -0.923077 -0.923077 -1.000000
v -0.846154 -0.923077 -1.000000
v -0.769231 -0.923077 -1.000000
v -0.692308 -0.923077 -1.000000
v -0.615385 -0.923077 -1.000000
v -0.538462 -0.923077 -1.000000
v -0.461538 -0.923077 -1.000000
v -0.384615 -0.923077 -1.000000
v -0.307692 -0.923077 -1.000000
v -0.230769 -0.923077 -1.000000
v -0.153846 -0.923077 -1.000000
v -0.076923 -0.923077 -1.000000
v -0.000000 -0.923077 -1.000000
v 0.076923 -0.923077 -1.000000
v 0.153846 -0.923077 -1.000000
v 0.230769 -0.923077 -1.000000
v 0.307692 -0.923077 -1.000000
v 0.384615 -0.923077 -1.000000
v 0.461538 -0.923077 -1.000000
v 0.538462 -0.923077 -1.000000
v 0.615385 -0.923077 -1.000000
v 0.692308 -0.923077 -1.000000
v 0.769231 -0.923077 -1.000000
v 0.846154 -0.923077 -1.000000
v 0.923077 -0.923077 -1.000000
v -0.923077 -0.846154 -1.000000
v -0.846154 -0.846154 -1.000000
v -0.769231 -0.846154 -1.000000
v -0.692308 -0.846154 -1.000000
v -0.615385 -0.846154 -1.000000
v -0.538462 -0.846154 -1.000000
v -0.461538 -0.846154 -1.000000
v -0.384615 -0.846154 -1.000000
v -0.307692 -0.846154 -1.000000
v -0.230769 -0.846154 -1.000000
v -0.153846 -0.846154 -1.000000
v -0.076923 -0.846154 -1.000000
v -0.000000 -0.846154 -1.000000
v 0.076923 -0.846154 -1.000000
v 0.153846 -0.846154 -1.000000
v 0.230769 -0.846154 -1.000000
v 0.307692 -0.846154 -1.000000
v 0.384615 -0.846154 -1.000000
v 0.461538 -0.846154 -1.000000
v 0.538462 -0.846154 -1.000000
v 0.615385 -0.846154 -1.000000
v 0.692308 -0.846154 -1.000000
v 0.769231 -0.846154 -1.000000
v 0.846154 -0.846154 -1.000000
v 0.923077 -0.846154 -1.000000
v -0.923077 -0.769231 -1.000000
v -0.846154 -0.769231 -1.000000
v -0.769231 -0.769231 -1.000000
v -0.692308 -0.769231 -1.000000
v -0.615385 -0.769231 -1.000000
v -0.538462 -0.769231 -1.000000
v -0.461538 -0.769231 -1.000000
v -0.384615 -0.769231 -1.000000
v -0.307692 -0.769231 -1.000000
v -0.230769 -0.769231 -1.000000
v -0.153846 -0.769231 -1.000000
v -0.076923 -0.769231 -1.000000
v -0.000000 -0.769231 -1.000000
v 0.076923 -0.769231 -1.000000
v 0.153846 -0.769231 -1.000000
v 0.230769 -0.769231 -1.000000
v 0.307692 -0.769231 -1.000000
v 0.384615 -0.769231 -1.000000
v 0.461538 -0.769231 -1.000000
v 0.538462 -0.769231 -1.000000
v 0.615385 -0.769231 -1.000000
v 0.692308 -0.769231 -1.000000
v 0.769231 -0.769231 -1.000000
v 0.846154 -0.769231 -1.000000
v 0.923077 -0.769231 -1.000000
v -0.923077 -0.692308 -1.000000
v -0.846154 -0.692308 -1.000000
v -0.769231 -0.692308 -1.000000
v -0.692308 -0.692308 -1.000000
v -0.615385 -0.692308 -1.000000
v -0.538462 -0.692308 -1.000000
v -0.461538 -0.692308 -1.000000
v -0.384615 -0.692308 -1.000000
v -0.307692 -0.692308 -1.000000
v -0.230769 -0.692308 -1.000000
v -0.153846 -0.692308 -1.000000
v -0.076923 -0.692308 -1.000000
v -0.000000 -0.692308 -1.000000
v 0.076923 -0.692308 -1.000000
v 0.153846 -0.692308 -1.000000
v 0.230769 -0.692308 -1.000000
v 0.307692 -0.692308 -1.000000
v 0.384615 -0.692308 -1.000000
v 0.461538 -0.692308 -1.000000
v 0.538462 -0.692308 -1.000000
v 0.615385 -0.692308 -1.000000
v 0.692308 -0.692308 -1.000000
v 0.769231 -0.692308 -1.000000
v 0.846154 -0.692308 -1.000000
v 0.923077 -0.692308 -1.000000
v -0.923077 -0.615385 -1.000000
v -0.846154 -0.615385 -1.000000
v -0.769231 -0.615385 -1.000000
v -0.692308 -0.615385 -1.000000
v -0.615385 -0.615385 -1.000000
v -0.538462 -0.615385 -1.000000
v -0.461538 -0.615385 -1.000000
v -0.384615 -0.615385 -1.000000
v -0.307692 -0.615385 -1.000000
v -0.230769 -0.615385 -1.000000
v -0.153846 -0.615385 -1.000000
v -0.076923 -0.615385 -1.000000
v -0.000000 -0.615385 -1.000000
v 0.076923 -0.615385 -1.000000
v 0.153846 -0.615385 -1.000000
v 0.230769 -0.615385 -1.000000
v 0.307692 -0.615385 -1.000000
v 0.384615 -0.615385 -1.000000
v 0.461538 -0.615385 -1.000000
v 0.538462 -0.615385 -1.000000
v 0.615385 -0.615385 -1.000000
v 0.692308 -0.615385 -1.000000
v 0.769231 -0.615385 -1.000000
v 0.846154 -0.615385 -1.000000
v 0.923077 -0.615385 -1.000000
v -0.923077 -0.538462 -1.000000
v -0.846154 -0.538462 -1.000000
v -0.769231 -0.538462 -1.000000
v -0.692308 -0.538462 -1.000000
v -0.615385 -0.538462 -1.000000
v -0.538462 -0.538462 -1.000000
v -0.461538 -0.538462 -1.000000
v -0.384615 -0.538462 -1.000000
v -0.307692 -0.538462 -1.000000
v -0.230769 -0.538462 -1.000000
v -0.153846 -0.538462 -1.000000
v -0.076923 -0.538462 -1.000000
v -0.000000 -0.538462 -1.000000
v 0.076923 -0.538462 -1.000000
v 0.153846 -0.538462 -1.000000
v 0.230769 -0.538462 -1.000000
v 0.307692 -0.538462 -1.000000
v 0.384615 -0.538462 -1.000000
v 0.461538 -0.538462 -1.000000
v 0.538462 -0.538462 -1.000000
v 0.615385 -0.538462 -1.000000
v 0.692308 -0.538462 -1.000000
v 0.769231 -0.538462 -1.000000
v 0.846154 -0.538462 -1.000000
v 0.923077 -0.538462 -1.000000
v -0.923077 -0.461538 -1.000000
v -0.846154 -0.461538 -1.000000
v -0.769231 -0.461538 -1.000000
v -0.692308 -0.461538 -1.000000
v -0.615385 -0.461538 -1.000000
v -0.538462 -0.461538 -1.000000
v -0.461538 -0.461538 -1.000000
v -0.384615 -0.461538 -1.000000
v -0.307692 -0.461538 -1.000000
v -0.230769 -0.461538 -1.000000
v -0.153846 -0.461538 -1.000000
v -0.076923 -0.461538 -1.000000
v -0.000000 -0.461538 -1.000000
v 0.076923 -0.461538 -1.000000
v 0.153846 -0.461538 -1.000000
v 0.230769 -0.461538 -1.000000
v 0.307692 -0.461538 -1.000000
v 0.384615 -0.461538 -1.000000
v 0.461538 -0.461538 -1.000000
v 0.538462 -0.461538 -1.000000
v 0.615385 -0.461538 -1.000000
v 0.692308 -0.461538 -1.000000
v 0.769231 -0.461538 -1.000000
v 0.846154 -0.461538 -1.000000
v 0.923077 -0.461538 -1.000000
v -0.923077 -0.384615 -1.000000
v -0.846154 -0.384615 -1.000000
v -0.769231 -0.384615 -1.000000
v -0.692308 -0.384615 -1.000000
v -0.615385 -0.384615 -1.000000
v -0.538462 -0.384615 -1.000000
v -0.461538 -0.384615 -1.000000
v -0.384615 -0.384615 -1.000000
v -0.307692 -0.384615 -1.000000
v -0.230769 -0.384615 -1.000000
v -0.153846 -0.384615 -1.000000
v -0.076923 -0.384615 -1.000000
v -0.000000 -0.384615 -1.000000
v 0.076923 -0.384615 -1.000000
v 0.153846 -0.384615 -1.000000
v 0.230769 -0.384615 -1.000000
v 0.307692 -0.384615 -1.000000
v 0.384615 -0.384615 -1.000000
v 0.461538 -0.384615 -1.000000
v 0.538462 -0.384615 -1.000000
v 0.615385 -0.384615 -1.000000
v 0.692308 -0.384615 -1.000000
v 0.769231 -0.384615 -1.000000
v 0.846154 -0.384615 -1.000000
v 0.923077 -0.384615 -1.000000
v -0.923077 -0.307692 -1.000000
v -0.846154 -0.307692 -1.000000
v -0.769231 -0.307692 -1.000000
v -0.692308 -0.307692 -1.000000
v -0.615385 -0.307692 -1.000000
v -0.538462 -0.307692 -1.000000
v -0.461538 -0.307692 -1.000000
v -0.384615 -0.307692 -1.000000
v -0.307692 -0.307692 -1.000000
v -0.230769 -0.307692 -1.000000
v -0.153846 -0.307692 -1.000000
v -0.076923 -0.307692 -1.000000
v -0.000000 -0.307692 -1.000000
v 0.076923 -0.307692 -1.000000
v 0.153846 -0.307692 -1.000000
v 0.230769 -0.307692 -1.000000
v 0.307692 -0.307692 -1.000000
v 0.384615 -0.307692 -1.000000
v 0.461538 -0.307692 -1.000000
v 0.538462 -0.307692 -1.000000
v 0.615385 -0.307692 -1.000000
v 0.692308 -0.307692 -1.000000
v 0.769231 -0.307692 -1.000000
v 0.846154 -0.307692 -1.000000
v 0.923077 -0.307692 -1.000000
v -0.923077 -0.230769 -1.000000
v -0.846154 -0.230769 -1.000000
v -0.769231 -0.230769 -1.000000
v -0.692308 -0.230769 -1.000000
v -0.615385 -0.230769 -1.000000
v -0.538462 -0.230769 -1.000000
v -0.461538 -0.230769 -1.000000
v -0.384615 -0.230769 -1.000000
v -0.307692 -0.230769 -1.000000
v -0.230769 -0.230769 -1.000000
v -0.153846 -0.230769 -1.000000
v -0.076923 -0.230769 -1.000000
v -0.000000 -0.230769 -1.000000
v 0.076923 -0.230769 -1.000000
v 0.153846 -0.230769 -1.000000
v 0.230769 -0.230769 -1.000000
v 0.307692 -0.230769 -1.000000
v 0.384615 -0.230769 -1.000000
v 0.461538 -0.230769 -1.000000
v 0.538462 -0.230769 -1.000000
v 0.615385 -0.230769 -1.000000
v 0.692308 -0.230769 -1.000000
v 0.769231 -0.230769 -1.000000
v 0.846154 -0.230769 -1.000000
v 0.923077 -0.230769 -1.000000
v -0.923077 -0.153846 -1.000000
v -0.846154 -0.153846 -1.000000
v -0.769231 -0.153846 -1.000000
v -0.692308 -0.153846 -1.000000
v -0.615385 -0.153846 -1.000000
v -0.538462 -0.153846 -1.000000
v -0.461538 -0.153846 -1.000000
v -0.384615 -0.153846 -1.000000
v -0.307692 -0.153846 -1.000000
v -0.230769 -0.153846 -1.000000
v -0.153846 -0.153846 -1.000000
v -0.076923 -0.153846 -1.000000
v -0.000000 -0.153846 -1.000000
v 0.076923 -0.153846 -1.000000
v 0.153846 -0.153846 -1.000000
v 0.230769 -0.153846 -1.000000
v 0.307692 -0.153846 -1.000000
v 0.384615 -0.153846 -1.000000
v 0.461538 -0.153846 -1.000000
v 0.538462 -0.153846 -1.000000
v 0.615385 -0.153846 -1.000000
v 0.692308 -0.153846 -1.000000
v 0.769231 -0.153846 -1.000000
v 0.846154 -0.153846 -1.000000
v 0.923077 -0.153846 -1.000000
v -0.923077 -0.076923 -1.000000
v -0.846154 -0.076923 -1.000000
v -0.769231 -0.076923 -1.000000
v -0.692308 -0.076923 -1.000000
v -0.615385 -0.076923 -1.000000
v -0.538462 -0.076923 -1.000000
v -0.461538 -0.076923 -1.000000
v -0.384615 -0.076923 -1.000000
v -0.307692 -0.076923 -1.000000
v -0.230769 -0.076923 -1.000000
v -0.153846 -0.076923 -1.000000
v -0.076923 -0.076923 -1.000000
v -0.000000 -0.076923 -1.000000
v 0.076923 -0.076923 -1.000000
v 0.153846 -0.076923 -1.000000
v 0.230769 -0.076923 -1.000000
v 0.307692 -0.076923 -1.000000
v 0.384615 -0.076923 -1.000000
v 0.461538 -0.076923 -1.000000
v 0.538462 -0.076923 -1.000000
v 0.615385 -0.076923 -1.000000
v 0.692308 -0.076923 -1.000000
v 0.769231 -0.076923 -1.000000
v 0.846154 -0.076923 -1.000000
v 0.923077 -0.076923 -1.000000
v -0.923077 0.000000 -1.000000
v -0.846154 0.000000 -1.000000
v -0.769231 0.000000 -1.000000
v -0.692308 0.000000 -1.000000
v -0.615385 0.000000 -1.000000
v -0.538462 0.000000 -1.000000
v -0.461538 0.000000 -1.000000
v -0.384615 0.000000 -1.000000
v -0.307692 0.000000 -1.000000
v -0.230769 0.000000 -1.000000
v -0.153846 0.000000 -1.000000
v -0.076923 0.000000 -1.000000
v -0.000000 0.000000 -1.000000
v 0.076923 0.000000 -1.000000
v 0.153846 0.000000 -1.000000
v 0.230769 0.000000 -1.000000
v 0.307692 0.000000 -1.000000
v 0.384615 0.000000 -1.000000
v 0.461538 0.000000 -1.000000
v 0.538462 0.000000 -1.000000
v 0.615385 0.000000 -1.000000
v 0.692308 0.000000 -1.000000
v 0.769231 0.000000 -1.000000
v 0.846154 0.000000 -1.000000
v 0.923077 0.000000 -1.000000
v -0.923077 0.076923 -1.000000
v -0.846154 0.076923 -1.000000
v -0.769231 0.076923 -1.000000
v -0.692308 0.076923 -1.000000
v -0.615385 0.076923 -1.000000
v -0.538462 0.076923 -1.000000
v -0.461538 0.076923 -1.000000
v -0.384615 0.076923 -1.000000
v -0.307692 0.076923 -1.000000
v -0.230769 0.076923 -1.000000
v -0.153846 0.076923 -1.000000
v -0.076923 0.076923 -1.000000
v -0.000000 0.076923 -1.000000
v 0.076923 0.076923 -1.000000
v 0.153846 0.076923 -1.000000
v 0.230769 0.076923 -1.000000
v 0.307692 0.076923 -1.000000
v 0.384615 0.076923 -1.000000
v 0.461538 0.076923 -1.000000
v 0.538462 0.076923 -1.000000
v 0.615385 0.076923 -1.000000
v 0.692308 0.076923 -1.000000
v 0.769231 0.076923 -1.000000
v 0.846154 0.076923 -1.000000
v 0.923077 0.076923 -1.000000
v -0.923077 0.153846 -1.000000
v -0.846154 0.153846 -1.000000
v -0.769231 0.153846 -1.000000
v -0.692308 0.153846 -1.000000
v -0.615385 0.153846 -1.000000
v -0.538462 0.153846 -1.000000
v -0.461538 0.153846 -1.000000
v -0.384615 0.153846 -1.000000
v -0.307692 0.153846 -1.000000
v -0.230769 0.153846 -1.000000
v -0.153846 0.153846 -1.000000
v -0.076923 0.153846 -1.000000
v -0.000000 0.153846 -1.000000
v 0.076923 0.153846 -1.000000
v 0.153846 0.153846 -1.000000
v 0.230769 0.153846 -1.000000
v 0.307692 0.153846 -1.000000
v 0.384615 0.153846 -1.000000
v 0.461538 0.153846 -1.000000
v 0.538462 0.153846 -1.000000
v 0.615385 0.153846 -1.000000
v 0.692308 0.153846 -1.000000
v 0.769231 0.153846 -1.000000
v 0.846154 0.153846 -1.000000
v 0.923077 0.153846 -1.000000
v -0.923077 0.230769 -1.000000
v -0.846154 0.230769 -1.000000
v -0.769231 0.230769 -1.000000
v -0.692308 0.230769 -1.000000
v -0.615385 0.230769 -1.000000
v -0.538462 0.230769 -1.000000
v -0.461538 0.230769 -1.000000
v -0.384615 0.230769 -1.000000
v -0.307692 0.230769 -1.000000
v -0.230769 0.230769 -1.000000
v -0.153846 0.230769 -1.000000
v -0.076923 0.230769 -1.000000
v -0.000000 0.230769 -1.000000
v 0.076923 0.230769 -1.000000
v 0.153846 0.230769 -1.000000
v 0.230769 0.230769 -1.000000
v 0.307692 0.230769 -1.000000
v 0.384615 0.230769 -1.000000
v 0.461538 0.230769 -1.000000
v 0.538462 0.230769 -1.000000
v 0.615385 0.230769 -1.000000
v 0.692308 0.230769 -1.000000
v 0.769231 0.230769 -1.000000
v 0.846154 0.230769 -1.000000
v 0.923077 0.230769 -1.000000
v -0.923077 0.307692 -1.000000
v -0.846154 0.307692 -1.000000
v -0.769231 0.307692 -1.000000
v -0.692308 0.307692 -1.000000
v -0.615385 0.307692 -1.000000
v -0.538462 0.307692 -1.000000
v -0.461538 0.307692 -1.000000
v -0.384615 0.307692 -1.000000
v -0.307692 0.307692 -1.000000
v -0.230769 0.307692 -1.000000
v -0.153846 0.307692 -1.000000
v -0.076923 0.307692 -1.000000
v -0.000000 0.307692 -1.000000
v 0.076923 0.307692 -1.000000
v 0.153846 0.307692 -1.000000
v 0.230769 0.307692 -1.000000
v 0.307692 0.307692 -1.000000
v 0.384615 0.307692 -1.000000
v 0.461538 0.307692 -1.000000
v 0.538462 0.307692 -1.000000
v 0.615385 0.307692 -1.000000
v 0.692308 0.307692 -1.000000
v 0.769231 0.307692 -1.000000
v 0.846154 0.307692 -1.000000
v 0.923077 0.307692 -1.000000
v -0.923077 0.384615 -1.000000
v -0.846154 0.384615 -1.000000
v -0.769231 0.384615 -1.000000
v -0.692308 0.384615 -1.000000
v -0.615385 0.384615 -1.000000
v -0.538462 0.384615 -1.000000
v -0.461538 0.384615 -1.000000
v -0.384615 0.384615 -1.000000
v -0.307692 0.384615 -1.000000
v -0.230769 0.384615 -1.000000
v -0.153846 0.384615 -1.000000
v -0.076923 0.384615 -1.000000
v -0.000000 0.384615 -1.000000
v 0.076923 0.384615 -1.000000
v 0.153846 0.384615 -1.000000
v 0.230769 0.384615 -1.000000
v 0.307692 0.384615 -1.000000
v 0.384615 0.384615 -1.000000
v 0.461538 0.384615 -1.000000
v 0.538462 0.384615 -1.000000
v 0.615385 0.384615 -1.000000
v 0.692308 0.384615 -1.000000
v 0.769231 0.384615 -1.000000
v 0.846154 0.384615 -1.000000
v 0.923077 0.384615 -1.000000
v -0.923077 0.461538 -1.000000
v -0.846154 0.461538 -1.000000
v -0.769231 0.461538 -1.000000
v -0.692308 0.461538 -1.000000
v -0.615385 0.461538 -1.000000
v -0.538462 0.461538 -1.000000
v -0.461538 0.461538 -1.000000
v -0.384615 0.461538 -1.000000
v -0.307692 0.461538 -1.000000
v -0.230769 0.461538 -1.000000
v -0.153846 0.461538 -1.000000
v -0.076923 0.461538 -1.000000
v -0.000000 0.461538 -1.000000
v 0.076923 0.461538 -1.000000
v 0.153846 0.461538 -1.000000
v 0.230769 0.461538 -1.000000
v 0.307692 0.461538 -1.000000
v 0.384615 0.461538 -1.000000
v 0.461538 0.461538 -1.000000
v 0.538462 0.461538 -1.000000
v 0.615385 0.461538 -1.000000
v 0.692308 0.461538 -1.000000
v 0.769231 0.461538 -1.000000
v 0.846154 0.461538 -1.000000
v 0.923077 0.461538 -1.000000
v -0.923077 0.538462 -1.000000
v -0.846154 0.538462 -1.000000
v -0.769231 0.538462 -1.000000
v -0.692308 0.538462 -1.000000
v -0.615385 0.538462 -1.000000
v -0.538462 0.538462 -1.000000
v -0.461538 0.538462 -1.000000
v -0.384615 0.538462 -1.000000
v -0.307692 0.538462 -1.000000
v -0.230769 0.538462 -1.000000
v -0.153846 0.538462 -1.000000
v -0.076923 0.538462 -1.000000
v -0.000000 0.538462 -1.000000
v 0.076923 0.538462 -1.000000
v 0.153846 0.538462 -1.000000
v 0.230769 0.538462 -1.000000
v 0.307692 0.538462 -1.000000
v 0.384615 0.538462 -1.000000
v 0.461538 0.538462 -1.000000
v 0.538462 0.538462 -1.000000
v 0.615385 0.538462 -1.000000
v 0.692308 0.538462 -1.000000
v 0.769231 0.538462 -1.000000
v 0.846154 0.538462 -1.000000
v 0.923077 0.538462 -1.000000
v -0.923077 0.615385 -1.000000
v -0.846154 0.615385 -1.000000
v -0.769231 0.615385 -1.000000
v -0.692308 0.615385 -1.000000
v -0.615385 0.615385 -1.000000
v -0.538462 0.615385 -1.000000
v -0.461538 0.615385 -1.000000
v -0.384615 0.615385 -1.000000
v -0.307692 0.615385 -1.000000
v -0.230769 0.615385 -1.000000
v -0.153846 0.615385 -1.000000
v -0.076923 0.615385 -1.000000
v -0.000000 0.615385 -1.000000
v 0.076923 0.615385 -1.000000
v 0.153846 0.615385 -1.000000
v 0.230769 0.615385 -1.000000
v 0.307692 0.615385 -1.000000
v 0.384615 0.615385 -1.000000
v 0.461538 0.615385 -1.000000
v 0.538462 0.615385 -1.000000
v 0.615385 0.615385 -1.000000
v 0.692308 0.615385 -1.000000
v 0.769231 0.615385 -1.000000
v 0.846154 0.615385 -1.000000
v 0.923077 0.615385 -1.000000
v -0.923077 0.692308 -1.000000
v -0.846154 0.692308 -1.000000
v -0.769231 0.692308 -1.000000
v -0.692308 0.692308 -1.000000
v -0.615385 0.692308 -1.000000
v -0.538462 0.692308 -1.000000
v -0.461538 0.692308 -1.000000
v -0.384615 0.692308 -1.000000
v -0.307692 0.692308 -1.000000
v -0.230769 0.692308 -1.000000
v -0.153846 0.692308 -1.000000
v -0.076923 0.692308 -1.000000
v -0.000000 0.692308 -1.000000
v 0.076923 0.692308 -1.000000
v 0.153846 0.692308 -1.000000
v 0.230769 0.692308 -1.000000
v 0.307692 0.692308 -1.000000
v 0.384615 0.692308 -1.000000
v 0.461538 0.692308 -1.000000
v 0.538462 0.692308 -1.000000
v 0.615385 0.692308 -1.000000
v 0.692308 0.692308 -1.000000
v 0.769231 0.692308 -1.000000
v 0.846154 0.692308 -1.000000
v 0.923077 0.692308 -1.000000
v -0.923077 0.769231 -1.000000
v -0.846154 0.769231 -1.000000
v -0.769231 0.769231 -1.000000
v -0.692308 0.769231 -1.000000
v -0.615385 0.769231 -1.000000
v -0.538462 0.769231 -1.000000
v -0.461538 0.769231 -1.000000
v -0.384615 0.769231 -1.000000
v -0.307692 0.769231 -1.000000
v -0.230769 0.769231 -1.000000
v -0.153846 0.769231 -1.000000
v -0.076923 0.769231 -1.000000
v -0.000000 0.769231 -1.000000
v 0.076923 0.769231 -1.000000
v 0.153846 0.769231 -1.000000
v 0.230769 0.769231 -1.000000
v 0.307692 0.769231 -1.000000
v 0.384615 0.769231 -1.000000
v 0.461538 0.769231 -1.000000
v 0.538462 0.769231 -1.000000
v 0.615385 0.769231 -1.000000
v 0.692308 0.769231 -1.000000
v 0.769231 0.769231 -1.000000
v 0.846154 0.769231 -1.000000
v 0.923077 0.769231 -1.000000
v -0.923077 0.846154 -1.000000
v -0.846154 0.846154 -1.000000
v -0.769231 0.846154 -1.000000
v -0.692308 0.846154 -1.000000
v -0.615385 0.846154 -1.000000
v -0.538462 0.846154 -1.000000
v -0.461538 0.846154 -1.000000
v -0.384615 0.846154 -1.000000
v -0.307692 0.846154 -1.000000
v -0.230769 0.846154 -1.000000
v -0.153846 0.846154 -1.000000
v -0.076923 0.846154 -1.000000
v -0.000000 0.846154 -1.000000
v 0.076923 0.846154 -1.000000
v 0.153846 0.846154 -1.000000
v 0.230769 0.846154 -1.000000
v 0.307692 0.846154 -1.000000
v 0.384615 0.846154 -1.000000
v 0.461538 0.846154 -1.000000
v 0.538462 0.846154 -1.000000
v 0.615385 0.846154 -1.000000
v 0.692308 0.846154 -1.000000
v 0.769231 0.846154 -1.000000
v 0.846154 0.846154 -1.000000
v 0.923077 0.846154 -1.000000
v -0.923077 0.923077 -1.000000
v -0.846154 0.923077 -1.000000
v -0.769231 0.923077 -1.000000
v -0.692308 0.923077 -1.000000
v -0.615385 0.923077 -1.000000
v -0.538462 0.923077 -1.000000
v -0.461538 0.923077 -1.000000
v -0.384615 0.923077 -1.000000
v -0.307692 0.923077 -1.000000
v -0.230769 0.923077 -1.000000
v -0.153846 0.923077 -1.000000
v -0.076923 0.923077 -1.000000
v -0.000000 0.923077 -1.000000
v 0.076923 0.923077 -1.000000
v 0.153846 0.923077 -1.000000
v 0.230769 0.923077 -1.000000
v 0.307692 0.923077 -1.000000
v 0.384615 0.923077 -1.000000
v 0.461538 0.923077 -1.000000
v 0.538462 0.923077 -1.000000
v 0.615385 0.923077 -1.000000
v 0.692308 0.923077 -1.000000
v 0.769231 0.923077 -1.000000
v 0.846154 0.923077 -1.000000
v 0.923077 0.923077 -1.000000
s 0
f 58 134 1434
f 1508 159 3433
f 108 184 809
f 1558 133 2808
f 2159 5 1533
f 7 1559 1459
f 83 1584 1559
f 82 1609 1584
f 81 1634 1609
f 80 1659 1634
f 79 1684 1659
f 78 1709 1684
f 77 1734 1709
f 76 1759 1734
f 75 1784 1759
f 74 1809 1784
f 73 1834 1809
f 72 1859 1834
f 71 1884 1859
f 70 1909 1884
f 69 1934 1909
f 68 1959 1934
f 67 1984 1959
f 66 2009 1984
f 65 2034 2009
f 64 2059 2034
f 63 2084 2059
f 62 2109 2084
f 61 2134 2109
f 60 2159 2134
f 8 209 159
f 84 234 209
f 85 259 234
f 86 284 259
f 87 309 284
f 88 334 309
f 89 359 334
f 90 384 359
f 91 409 384
f 92 434 409
f 93 459 434
f 94 484 459
f 95 509 484
f 96 534 509
f 97 559 534
f 98 584 559
f 99 609 584
f 100 634 609
f 101 659 634
f 102 684 659
f 103 709 684
f 104 734 709
f 105 759 734
f 106 784 759
f 107 809 784
f 2 834 133
f 34 859 834
f 35 884 859
f 36 909 884
f 37 934 909
f 38 959 934
f 39 984 959
f 40 1009 984
f 41 1034 1009
f 42 1059 1034
f 43 1084 1059
f 44 1109 1084
f 45 1134 1109
f 46 1159 1134
f 47 1184 1159
f 48 1209 1184
f 49 1234 1209
f 50 1259 1234
f 51 1284 1259
f 52 1309 1284
f 53 1334 1309
f 54 1359 1334
f 55 1384 1359
f 56 1409 1384
f 57 1434 1409
f 10 1458 9
f 1433 1457 1458
f 1431 1457 1432
f 1430 1456 1431
f 1429 1455 1430
f 1428 1454 1429
f 1427 1453 1428
f 1426 1452 1427
f 1425 1451 1426
f 1424 1450 1425
f 1423 1449 1424
f 1422 1448 1423
f 1421 1447 1422
f 1420 1446 1421
f 1419 1445 1420
f 1418 1444 1419
f 1417 1443 1418
f 1416 1442 1417
f 1415 1441 1416
f 1414 1440 1415
f 1413 1439 1414
f 1412 1438 1413
f 1411 1437 1412
f 1410 1436 1411
f 1409 1435 1410
f 11 1433 10
f 1408 1432 1433
f 1406 1432 1407
f 1405 1431 1406
f 1404 1430 1405
f 1403 1429 1404
f 1402 1428 1403
f 1401 1427 1402
f 1400 1426 1401
f 1399 1425 1400
f 1398 1424 1399
f 1397 1423 1398
f 1396 1422 1397
f 1395 1421 1396
f 1394 1420 1395
f 1393 1419 1394
f 1392 1418 1393
f 1391 1417 1392
f 1390 1416 1391
f 1389 1415 1390
f 1388 1414 1389
f 1387 1413 1388
f 1386 1412 1387
f 1385 1411 1386
f 1384 1410 1385
f 12 1408 11
f 1383 1407 1408
f 1381 1407 1382
f 1380 1406 1381
f 1379 1405 1380
f 1378 1404 1379
f 1377 1403 1378
f 1376 1402 1377
f 1375 1401 1376
f 1374 1400 1375
f 1373 1399 1374
f 1372 1398 1373
f 1371 1397 1372
f 1370 1396 1371
f 1369 1395 1370
f 1368 1394 1369
f 1367 1393 1368
f 1366 1392 1367
f 1365 1391 1366
f 1364 1390 1365
f 1363 1389 1364
f 1362 1388 1363
f 1361 1387 1362
f 1360 1386 1361
f 1359 1385 1360
f 13 1383 12
f 1358 1382 1383
f 1356 1382 1357
f 1355 1381 1356
f 1354 1380 1355
f 1353 1379 1354
f 1352 1378 1353
f 1351 1377 1352
f 1350 1376 1351
f 1349 1375 1350
f 1348 1374 1349
f 1347 1373 1348
f 1346 1372 1347
f 1345 1371 1346
f 1344 1370 1345
f 1343 1369 1344
f 1342 1368 1343
f 1341 1367 1342
f 1340 1366 1341
f 1339 1365 1340
f 1338 1364 1339
f 1337 1363 1338
f 1336 1362 1337
f 1335 1361 1336
f 1334 1360 1335
f 14 1358 13
f 1333 1357 1358
f 1331 1357 1332
f 1330 1356 1331
f 1329 1355 1330
f 1328 1354 1329
f 1327 1353 1328
f 1326 1352 1327
f 1325 1351 1326
f 1324 1350 1325
f 1323 1349 1324
f 1322 1348 1323
f 1321 1347 1322
f 1320 1346 1321
f 1319 1345 1320
f 1318 1344 1319
f 1317 1343 1318
f 1316 1342 1317
f 1315 1341 1316
f 1314 1340 1315
f 1313 1339 1314
f 1312 1338 1313
f 1311 1337 1312
f 1310 1336 1311
f 1309 1335 1310
f 1308 14 15
f 1308 1332 1333
f 1307 1331 1332
f 1305 1331 1306
f 1304 1330 1305
f 1303 1329 1304
f 1302 1328 1303
f 1301 1327 1302
f 1300 1326 1301
f 1299 1325 1300
f 1298 1324 1299
f 1297 1323 1298
f 1296 1322 1297
f 1295 1321 1296
f 1294 1320 1295
f 1293 1319 1294
f 1292 1318 1293
f 1291 1317 1292
f 1290 1316 1291
f 1289 1315 1290
f 1288 1314 1289
f 1287 1313 1288
f 1286 1312 1287
f 1285 1311 1286
f 1284 1310 1285
f 1283 15 16
f 1283 1307 1308
f 1282 1306 1307
f 1280 1306 1281
f 1279 1305 1280
f 1278 1304 1279
f 1277 1303 1278
f 1276 1302 1277
f 1275 1301 1276
f 1274 1300 1275
f 1273 1299 1274
f 1272 1298 1273
f 1271 1297 1272
f 1270 1296 1271
f 1269 1295 1270
f 1268 1294 1269
f 1267 1293 1268
f 1266 1292 1267
f 1265 1291 1266
f 1264 1290 1265
f 1263 1289 1264
f 1262 1288 1263
f 1261 1287 1262
f 1260 1286 1261
f 1259 1285 1260
f 1258 16 17
f 1258 1282 1283
f 1257 1281 1282
f 1255 1281 1256
f 1254 1280 1255
f 1253 1279 1254
f 1252 1278 1253
f 1251 1277 1252
f 1250 1276 1251
f 1249 1275 1250
f 1248 1274 1249
f 1247 1273 1248
f 1246 1272 1247
f 1245 1271 1246
f 1244 1270 1245
f 1243 1269 1244
f 1242 1268 1243
f 1241 1267 1242
f 1240 1266 1241
f 1239 1265 1240
f 1238 1264 1239
f 1237 1263 1238
f 1236 1262 1237
f 1235 1261 1236
f 1234 1260 1235
f 1233 17 18
f 1233 1257 1258
f 1232 1256 1257
f 1230 1256 1231
f 1229 1255 1230
f 1229 1253 1254
f 1228 1252 1253
f 1226 1252 1227
f 1225 1251 1226
f 1224 1250 1225
f 1223 1249 1224
f 1222 1248 1223
f 1221 1247 1222
f 1220 1246 1221
f 1219 1245 1220
f 1218 1244 1219
f 1217 1243 1218
f 1216 1242 1217
f 1215 1241 1216
f 1214 1240 1215
f 1213 1239 1214
f 1212 1238 1213
f 1211 1237 1212
f 1210 1236 1211
f 1209 1235 1210
f 1208 18 19
f 1208 1232 1233
f 1207 1231 1232
f 1205 1231 1206
f 1204 1230 1205
f 1204 1228 1229
f 1203 1227 1228
f 1201 1227 1202
f 1200 1226 1201
f 1200 1224 1225
f 1198 1224 1199
f 1197 1223 1198
f 1196 1222 1197
f 1195 1221 1196
f 1194 1220 1195
f 1193 1219 1194
f 1192 1218 1193
f 1191 1217 1192
f 1190 1216 1191
f 1189 1215 1190
f 1188 1214 1189
f 1187 1213 1188
f 1186 1212 1187
f 1185 1211 1186
f 1184 1210 1185
f 1183 19 20
f 1183 1207 1208
f 1182 1206 1207
f 1180 1206 1181
f 1179 1205 1180
f 1179 1203 1204
f 1178 1202 1203
f 1176 1202 1177
f 1175 1201 1176
f 1175 1199 1200
f 1174 1198 1199
f 1172 1198 1173
f 1171 1197 1172
f 1171 1195 1196
f 1169 1195 1170
f 1168 1194 1169
f 1167 1193 1168
f 1167 1191 1192
f 1165 1191 1166
f 1164 1190 1165
f 1163 1189 1164
f 1162 1188 1163
f 1161 1187 1162
f 1160 1186 1161
f 1159 1185 1160
f 1158 20 21
f 1158 1182 1183
f 1156 1182 1157
f 1155 1181 1156
f 1154 1180 1155
f 1153 1179 1154
f 1153 1177 1178
f 1151 1177 1152
f 1151 1175 1176
f 1150 1174 1175
f 1148 1174 1149
f 1148 1172 1173
f 1146 1172 1147
f 1145 1171 1146
f 1145 1169 1170
f 1143 1169 1144
f 1142 1168 1143
f 1142 1166 1167
f 1140 1166 1141
f 1139 1165 1140
f 1138 1164 1139
f 1138 1162 1163
f 1136 1162 1137
f 1135 1161 1136
f 1135 1159 1160
f 1133 21 22
f 1132 1158 1133
f 1131 1157 1132
f 1130 1156 1131
f 1130 1154 1155
f 1128 1154 1129
f 1127 1153 1128
f 1127 1151 1152
f 1126 1150 1151
f 1124 1150 1125
f 1123 1149 1124
f 1123 1147 1148
f 1121 1147 1122
f 1120 1146 1121
f 1120 1144 1145
f 1119 1143 1144
f 1118 1142 1143
f 1117 1141 1142
f 1115 1141 1116
f 1114 1140 1115
f 1113 1139 1114
f 1113 1137 1138
f 1111 1137 1112
f 1110 1136 1111
f 1110 1134 1135
f 23 1133 22
f 1107 1133 1108
f 1106 1132 1107
f 1106 1130 1131
f 1105 1129 1130
f 1103 1129 1104
f 1102 1128 1103
f 1102 1126 1127
f 1101 1125 1126
f 1099 1125 1100
f 1098 1124 1099
f 1098 1122 1123
f 1097 1121 1122
f 1095 1121 1096
f 1094 1120 1095
f 1094 1118 1119
f 1093 1117 1118
f 1091 1117 1092
f 1090 1116 1091
f 1089 1115 1090
f 1088 1114 1089
f 1087 1113 1088
f 1086 1112 1087
f 1085 1111 1086
f 1084 1110 1085
f 24 1108 23
f 1083 1107 1108
f 1082 1106 1107
f 1081 1105 1106
f 1080 1104 1105
f 1079 1103 1104
f 1078 1102 1103
f 1077 1101 1102
f 1076 1100 1101
f 1074 1100 1075
f 1073 1099 1074
f 1072 1098 1073
f 1071 1097 1072
f 1070 1096 1071
f 1069 1095 1070
f 1068 1094 1069
f 1067 1093 1068
f 1066 1092 1067
f 1065 1091 1066
f 1064 1090 1065
f 1063 1089 1064
f 1062 1088 1063
f 1061 1087 1062
f 1060 1086 1061
f 1059 1085 1060
f 1058 24 25
f 1058 1082 1083
f 1057 1081 1082
f 1055 1081 1056
f 1054 1080 1055
f 1054 1078 1079
f 1053 1077 1078
f 1051 1077 1052
f 1050 1076 1051
f 1049 1075 1050
f 1048 1074 1049
f 1047 1073 1048
f 1046 1072 1047
f 1045 1071 1046
f 1044 1070 1045
f 1043 1069 1044
f 1042 1068 1043
f 1041 1067 1042
f 1040 1066 1041
f 1039 1065 1040
f 1038 1064 1039
f 1037 1063 1038
f 1036 1062 1037
f 1035 1061 1036
f 1034 1060 1035
f 1033 25 26
f 1033 1057 1058
f 1032 1056 1057
f 1030 1056 1031
f 1029 1055 1030
f 1028 1054 1029
f 1027 1053 1028
f 1026 1052 1027
f 1025 1051 1026
f 1024 1050 1025
f 1023 1049 1024
f 1022 1048 1023
f 1021 1047 1022
f 1020 1046 1021
f 1019 1045 1020
f 1018 1044 1019
f 1017 1043 1018
f 1016 1042 1017
f 1015 1041 1016
f 1014 1040 1015
f 1013 1039 1014
f 1012 1038 1013
f 1011 1037 1012
f 1010 1036 1011
f 1009 1035 1010
f 1008 26 27
f 1008 1032 1033
f 1007 1031 1032
f 1005 1031 1006
f 1004 1030 1005
f 1003 1029 1004
f 1002 1028 1003
f 1001 1027 1002
f 1000 1026 1001
f 999 1025 1000
f 998 1024 999
f 997 1023 998
f 996 1022 997
f 995 1021 996
f 994 1020 995
f 993 1019 994
f 992 1018 993
f 991 1017 992
f 990 1016 991
f 989 1015 990
f 988 1014 989
f 987 1013 988
f 986 1012 987
f 985 1011 986
f 984 1010 985
f 28 1008 27
f 983 1007 1008
f 982 1006 1007
f 980 1006 981
f 979 1005 980
f 978 1004 979
f 977 1003 978
f 976 1002 977
f 975 1001 976
f 974 1000 975
f 973 999 974
f 972 998 973
f 971 997 972
f 970 996 971
f 969 995 970
f 968 994 969
f 967 993 968
f 966 992 967
f 965 991 966
f 964 990 965
f 963 989 964
f 962 988 963
f 961 987 962
f 960 986 961
f 959 985 960
f 29 983 28
f 958 982 983
f 956 982 957
f 955 981 956
f 954 980 955
f 953 979 954
f 952 978 953
f 951 977 952
f 950 976 951
f 949 975 950
f 948 974 949
f 947 973 948
f 946 972 947
f 945 971 946
f 944 970 945
f 943 969 944
f 942 968 943
f 941 967 942
f 940 966 941
f 939 965 940
f 938 964 939
f 937 963 938
f 936 962 937
f 935 961 936
f 934 960 935
f 30 958 29
f 933 957 958
f 931 957 932
f 930 956 931
f 929 955 930
f 928 954 929
f 927 953 928
f 926 952 927
f 925 951 926
f 924 950 925
f 923 949 924
f 922 948 923
f 921 947 922
f 920 946 921
f 919 945 920
f 918 944 919
f 917 943 918
f 916 942 917
f 915 941 916
f 914 940 915
f 913 939 914
f 912 938 913
f 911 937 912
f 910 936 911
f 909 935 910
f 31 933 30
f 908 932 933
f 906 932 907
f 905 931 906
f 904 930 905
f 903 929 904
f 902 928 903
f 901 927 902
f 900 926 901
f 899 925 900
f 898 924 899
f 897 923 898
f 896 922 897
f 895 921 896
f 894 920 895
f 893 919 894
f 892 918 893
f 891 917 892
f 890 916 891
f 889 915 890
f 888 914 889
f 887 913 888
f 886 912 887
f 885 911 886
f 884 910 885
f 32 908 31
f 883 907 908
f 881 907 882
f 880 906 881
f 879 905 880
f 878 904 879
f 877 903 878
f 876 902 877
f 875 901 876
f 874 900 875
f 873 899 874
f 872 898 873
f 871 897 872
f 870 896 871
f 869 895 870
f 868 894 869
f 867 893 868
f 866 892 867
f 865 891 866
f 864 890 865
f 863 889 864
f 862 888 863
f 861 887 862
f 860 886 861
f 859 885 860
f 33 883 32
f 858 882 883
f 856 882 857
f 855 881 856
f 854 880 855
f 853 879 854
f 852 878 853
f 851 877 852
f 850 876 851
f 849 875 850
f 848 874 849
f 847 873 848
f 846 872 847
f 845 871 846
f 844 870 845
f 843 869 844
f 842 868 843
f 841 867 842
f 840 866 841
f 839 865 840
f 838 864 839
f 837 863 838
f 836 862 837
f 835 861 836
f 834 860 835
f 109 33 1
f 110 858 109
f 111 857 110
f 112 856 111
f 113 855 112
f 114 854 113
f 115 853 114
f 116 852 115
f 117 851 116
f 118 850 117
f 119 849 118
f 120 848 119
f 121 847 120
f 122 846 121
f 123 845 122
f 124 844 123
f 125 843 124
f 126 842 125
f 127 841 126
f 128 840 127
f 129 839 128
f 130 838 129
f 131 837 130
f 132 836 131
f 133 835 132
f 60 833 59
f 808 832 833
f 806 832 807
f 805 831 806
f 804 830 805
f 803 829 804
f 802 828 803
f 801 827 802
f 800 826 801
f 799 825 800
f 798 824 799
f 797 823 798
f 796 822 797
f 795 821 796
f 794 820 795
f 793 819 794
f 792 818 793
f 791 817 792
f 790 816 791
f 789 815 790
f 788 814 789
f 787 813 788
f 786 812 787
f 785 811 786
f 784 810 785
f 61 808 60
f 783 807 808
f 781 807 782
f 780 806 781
f 779 805 780
f 778 804 779
f 777 803 778
f 776 802 777
f 775 801 776
f 774 800 775
f 773 799 774
f 772 798 773
f 771 797 772
f 770 796 771
f 769 795 770
f 768 794 769
f 767 793 768
f 766 792 767
f 765 791 766
f 764 790 765
f 763 789 764
f 762 788 763
f 761 787 762
f 760 786 761
f 759 785 760
f 62 783 61
f 758 782 783
f 756 782 757
f 755 781 756
f 754 780 755
f 753 779 754
f 752 778 753
f 751 777 752
f 750 776 751
f 749 775 750
f 748 774 749
f 747 773 748
f 746 772 747
f 745 771 746
f 744 770 745
f 743 769 744
f 742 768 743
f 741 767 742
f 740 766 741
f 739 765 740
f 738 764 739
f 737 763 738
f 736 762 737
f 735 761 736
f 734 760 735
f 63 758 62
f 733 757 758
f 731 757 732
f 730 756 731
f 729 755 730
f 728 754 729
f 727 753 728
f 726 752 727
f 725 751 726
f 724 750 725
f 723 749 724
f 722 748 723
f 721 747 722
f 720 746 721
f 719 745 720
f 718 744 719
f 717 743 718
f 716 742 717
f 715 741 716
f 714 740 715
f 713 739 714
f 712 738 713
f 711 737 712
f 710 736 711
f 709 735 710
f 64 733 63
f 708 732 733
f 706 732 707
f 705 731 706
f 704 730 705
f 703 729 704
f 702 728 703
f 701 727 702
f 700 726 701
f 699 725 700
f 698 724 699
f 697 723 698
f 696 722 697
f 695 721 696
f 694 720 695
f 693 719 694
f 692 718 693
f 691 717 692
f 690 716 691
f 689 715 690
f 688 714 689
f 687 713 688
f 686 712 687
f 685 711 686
f 684 710 685
f 683 64 65
f 683 707 708
f 682 706 707
f 680 706 681
f 679 705 680
f 678 704 679
f 677 703 678
f 676 702 677
f 675 701 676
f 674 700 675
f 673 699 674
f 672 698 673
f 671 697 672
f 670 696 671
f 669 695 670
f 668 694 669
f 667 693 668
f 666 692 667
f 665 691 666
f 664 690 665
f 663 689 664
f 662 688 663
f 661 687 662
f 660 686 661
f 659 685 660
f 658 65 66
f 658 682 683
f 657 681 682
f 655 681 656
f 654 680 655
f 653 679 654
f 652 678 653
f 651 677 652
f 650 676 651
f 649 675 650
f 648 674 649
f 647 673 648
f 646 672 647
f 645 671 646
f 644 670 645
f 643 669 644
f 642 668 643
f 641 667 642
f 640 666 641
f 639 665 640
f 638 664 639
f 637 663 638
f 636 662 637
f 635 661 636
f 634 660 635
f 633 66 67
f 633 657 658
f 632 656 657
f 630 656 631
f 629 655 630
f 628 654 629
f 627 653 628
f 626 652 627
f 625 651 626
f 624 650 625
f 623 649 624
f 622 648 623
f 621 647 622
f 620 646 621
f 619 645 620
f 618 644 619
f 617 643 618
f 616 642 617
f 615 641 616
f 614 640 615
f 613 639 614
f 612 638 613
f 611 637 612
f 610 636 611
f 609 635 610
f 608 67 68
f 608 632 633
f 607 631 632
f 605 631 606
f 604 630 605
f 604 628 629
f 603 627 628
f 601 627 602
f 600 626 601
f 599 625 600
f 598 624 599
f 597 623 598
f 596 622 597
f 595 621 596
f 594 620 595
f 593 619 594
f 592 618 593
f 591 617 592
f 590 616 591
f 589 615 590
f 588 614 589
f 587 613 588
f 586 612 587
f 585 611 586
f 584 610 585
f 583 68 69
f 583 607 608
f 582 606 607
f 580 606 581
f 579 605 580
f 579 603 604
f 578 602 603
f 576 602 577
f 575 601 576
f 575 599 600
f 573 599 574
f 572 598 573
f 571 597 572
f 570 596 571
f 569 595 570
f 568 594 569
f 567 593 568
f 566 592 567
f 565 591 566
f 564 590 565
f 563 589 564
f 562 588 563
f 561 587 562
f 560 586 561
f 559 585 560
f 558 69 70
f 558 582 583
f 557 581 582
f 555 581 556
f 554 580 555
f 554 578 579
f 553 577 578
f 551 577 552
f 550 576 551
f 550 574 575
f 549 573 574
f 547 573 548
f 546 572 547
f 546 570 571
f 544 570 545
f 543 569 544
f 542 568 543
f 542 566 567
f 540 566 541
f 539 565 540
f 538 564 539
f 537 563 538
f 536 562 537
f 535 561 536
f 534 560 535
f 533 70 71
f 533 557 558
f 531 557 532
f 530 556 531
f 529 555 530
f 528 554 529
f 528 552 553
f 526 552 527
f 526 550 551
f 525 549 550
f 523 549 524
f 523 547 548
f 521 547 522
f 520 546 521
f 520 544 545
f 518 544 519
f 517 543 518
f 517 541 542
f 515 541 516
f 514 540 515
f 513 539 514
f 513 537 538
f 511 537 512
f 510 536 511
f 510 534 535
f 508 71 72
f 507 533 508
f 506 532 507
f 505 531 506
f 505 529 530
f 503 529 504
f 502 528 503
f 502 526 527
f 501 525 526
f 499 525 500
f 498 524 499
f 498 522 523
f 496 522 497
f 495 521 496
f 495 519 520
f 494 518 519
f 493 517 518
f 492 516 517
f 490 516 491
f 489 515 490
f 488 514 489
f 488 512 513
f 486 512 487
f 485 511 486
f 485 509 510
f 73 508 72
f 482 508 483
f 481 507 482
f 481 505 506
f 480 504 505
f 478 504 479
f 477 503 478
f 477 501 502
f 476 500 501
f 474 500 475
f 473 499 474
f 473 497 498
f 472 496 497
f 470 496 471
f 469 495 470
f 469 493 494
f 468 492 493
f 466 492 467
f 465 491 466
f 464 490 465
f 463 489 464
f 462 488 463
f 461 487 462
f 460 486 461
f 459 485 460
f 74 483 73
f 458 482 483
f 457 481 482
f 456 480 481
f 455 479 480
f 454 478 479
f 453 477 478
f 452 476 477
f 451 475 476
f 449 475 450
f 448 474 449
f 447 473 448
f 446 472 447
f 445 471 446
f 444 470 445
f 443 469 444
f 442 468 443
f 441 467 442
f 440 466 441
f 439 465 440
f 438 464 439
f 437 463 438
f 436 462 437
f 435 461 436
f 434 460 435
f 433 74 75
f 433 457 458
f 432 456 457
f 430 456 431
f 429 455 430
f 429 453 454
f 428 452 453
f 426 452 427
f 425 451 426
f 424 450 425
f 423 449 424
f 422 448 423
f 421 447 422
f 420 446 421
f 419 445 420
f 418 444 419
f 417 443 418
f 416 442 417
f 415 441 416
f 414 440 415
f 413 439 414
f 412 438 413
f 411 437 412
f 410 436 411
f 409 435 410
f 408 75 76
f 408 432 433
f 407 431 432
f 405 431 406
f 404 430 405
f 403 429 404
f 402 428 403
f 401 427 402
f 400 426 401
f 399 425 400
f 398 424 399
f 397 423 398
f 396 422 397
f 395 421 396
f 394 420 395
f 393 419 394
f 392 418 393
f 391 417 392
f 390 416 391
f 389 415 390
f 388 414 389
f 387 413 388
f 386 412 387
f 385 411 386
f 384 410 385
f 383 76 77
f 383 407 408
f 382 406 407
f 380 406 381
f 379 405 380
f 378 404 379
f 377 403 378
f 376 402 377
f 375 401 376
f 374 400 375
f 373 399 374
f 372 398 373
f 371 397 372
f 370 396 371
f 369 395 370
f 368 394 369
f 367 393 368
f 366 392 367
f 365 391 366
f 364 390 365
f 363 389 364
f 362 388 363
f 361 387 362
f 360 386 361
f 359 385 360
f 78 383 77
f 358 382 383
f 357 381 382
f 355 381 356
f 354 380 355
f 353 379 354
f 352 378 353
f 351 377 352
f 350 376 351
f 349 375 350
f 348 374 349
f 347 373 348
f 346 372 347
f 345 371 346
f 344 370 345
f 343 369 344
f 342 368 343
f 341 367 342
f 340 366 341
f 339 365 340
f 338 364 339
f 337 363 338
f 336 362 337
f 335 361 336
f 334 360 335
f 79 358 78
f 333 357 358
f 331 357 332
f 330 356 331
f 329 355 330
f 328 354 329
f 327 353 328
f 326 352 327
f 325 351 326
f 324 350 325
f 323 349 324
f 322 348 323
f 321 347 322
f 320 346 321
f 319 345 320
f 318 344 319
f 317 343 318
f 316 342 317
f 315 341 316
f 314 340 315
f 313 339 314
f 312 338 313
f 311 337 312
f 310 336 311
f 309 335 310
f 80 333 79
f 308 332 333
f 306 332 307
f 305 331 306
f 304 330 305
f 303 329 304
f 302 328 303
f 301 327 302
f 300 326 301
f 299 325 300
f 298 324 299
f 297 323 298
f 296 322 297
f 295 321 296
f 294 320 295
f 293 319 294
f 292 318 293
f 291 317 292
f 290 316 291
f 289 315 290
f 288 314 289
f 287 313 288
f 286 312 287
f 285 311 286
f 284 310 285
f 81 308 80
f 283 307 308
f 281 307 282
f 280 306 281
f 279 305 280
f 278 304 279
f 277 303 278
f 276 302 277
f 275 301 276
f 274 300 275
f 273 299 274
f 272 298 273
f 271 297 272
f 270 296 271
f 269 295 270
f 268 294 269
f 267 293 268
f 266 292 267
f 265 291 266
f 264 290 265
f 263 289 264
f 262 288 263
f 261 287 262
f 260 286 261
f 259 285 260
f 82 283 81
f 258 282 283
f 256 282 257
f 255 281 256
f 254 280 255
f 253 279 254
f 252 278 253
f 251 277 252
f 250 276 251
f 249 275 250
f 248 274 249
f 247 273 248
f 246 272 247
f 245 271 246
f 244 270 245
f 243 269 244
f 242 268 243
f 241 267 242
f 240 266 241
f 239 265 240
f 238 264 239
f 237 263 238
f 236 262 237
f 235 261 236
f 234 260 235
f 83 258 82
f 233 257 258
f 231 257 232
f 230 256 231
f 229 255 230
f 228 254 229
f 227 253 228
f 226 252 227
f 225 251 226
f 224 250 225
f 223 249 224
f 222 248 223
f 221 247 222
f 220 246 221
f 219 245 220
f 218 244 219
f 217 243 218
f 216 242 217
f 215 241 216
f 214 240 215
f 213 239 214
f 212 238 213
f 211 237 212
f 210 236 211
f 209 235 210
f 183 83 7
f 183 232 233
f 181 232 182
f 180 231 181
f 179 230 180
f 178 229 179
f 177 228 178
f 176 227 177
f 175 226 176
f 174 225 175
f 173 224 174
f 172 223 173
f 171 222 172
f 170 221 171
f 169 220 170
f 168 219 169
f 167 218 168
f 166 217 167
f 165 216 166
f 164 215 165
f 163 214 164
f 162 213 163
f 161 212 162
f 160 211 161
f 159 210 160
f 1509 109 1
f 2208 110 109
f 2233 111 110
f 2258 112 111
f 2283 113 112
f 2308 114 113
f 2358 114 2333
f 2383 115 2358
f 2408 116 2383
f 2433 117 2408
f 2458 118 2433
f 2483 119 2458
f 2508 120 2483
f 2533 121 2508
f 2533 123 122
f 2558 124 123
f 2608 124 2583
f 2633 125 2608
f 2658 126 2633
f 2658 128 127
f 2683 129 128
f 2708 130 129
f 2733 131 130
f 2758 132 131
f 2783 133 132
f 59 208 5
f 832 208 833
f 831 207 832
f 830 206 831
f 829 205 830
f 828 204 829
f 827 203 828
f 826 202 827
f 825 201 826
f 824 200 825
f 823 199 824
f 822 198 823
f 821 197 822
f 820 196 821
f 819 195 820
f 818 194 819
f 817 193 818
f 816 192 817
f 815 191 816
f 814 190 815
f 813 189 814
f 812 188 813
f 811 187 812
f 810 186 811
f 809 185 810
f 1459 183 7
f 2858 183 2833
f 2883 182 2858
f 2908 181 2883
f 2933 180 2908
f 2958 179 2933
f 2983 178 2958
f 3008 177 2983
f 3033 176 3008
f 3058 175 3033
f 3083 174 3058
f 3108 173 3083
f 3133 172 3108
f 3158 171 3133
f 3183 170 3158
f 3208 169 3183
f 3233 168 3208
f 3258 167 3233
f 3283 166 3258
f 3308 165 3283
f 3333 164 3308
f 3358 163 3333
f 3383 162 3358
f 3408 161 3383
f 3433 160 3408
f 9 158 3
f 1457 158 1458
f 1456 157 1457
f 1455 156 1456
f 1454 155 1455
f 1453 154 1454
f 1452 153 1453
f 1451 152 1452
f 1450 151 1451
f 1449 150 1450
f 1448 149 1449
f 1447 148 1448
f 1446 147 1447
f 1445 146 1446
f 1444 145 1445
f 1443 144 1444
f 1442 143 1443
f 1441 142 1442
f 1440 141 1441
f 1439 140 1440
f 1438 139 1439
f 1437 138 1438
f 1436 137 1437
f 1435 136 1436
f 1434 135 1435
f 134 3384 135
f 3409 3385 3384
f 3410 3386 3385
f 3411 3387 3386
f 3412 3388 3387
f 3413 3389 3388
f 3414 3390 3389
f 3415 3391 3390
f 3416 3392 3391
f 3417 3393 3392
f 3418 3394 3393
f 3419 3395 3394
f 3420 3396 3395
f 3421 3397 3396
f 3422 3398 3397
f 3423 3399 3398
f 3424 3400 3399
f 3425 3401 3400
f 3426 3402 3401
f 3427 3403 3402
f 3428 3404 3403
f 3429 3405 3404
f 3430 3406 3405
f 3431 3407 3406
f 3432 3408 3407
f 135 3359 136
f 3384 3360 3359
f 3385 3361 3360
f 3386 3362 3361
f 3387 3363 3362
f 3388 3364 3363
f 3389 3365 3364
f 3390 3366 3365
f 3391 3367 3366
f 3392 3368 3367
f 3393 3369 3368
f 3394 3370 3369
f 3395 3371 3370
f 3396 3372 3371
f 3397 3373 3372
f 3398 3374 3373
f 3399 3375 3374
f 3400 3376 3375
f 3401 3377 3376
f 3402 3378 3377
f 3403 3379 3378
f 3404 3380 3379
f 3405 3381 3380
f 3406 3382 3381
f 3407 3383 3382
f 136 3334 137
f 3359 3335 3334
f 3360 3336 3335
f 3361 3337 3336
f 3362 3338 3337
f 3363 3339 3338
f 3364 3340 3339
f 3365 3341 3340
f 3366 3342 3341
f 3367 3343 3342
f 3368 3344 3343
f 3369 3345 3344
f 3370 3346 3345
f 3371 3347 3346
f 3372 3348 3347
f 3373 3349 3348
f 3374 3350 3349
f 3375 3351 3350
f 3376 3352 3351
f 3377 3353 3352
f 3378 3354 3353
f 3379 3355 3354
f 3380 3356 3355
f 3381 3357 3356
f 3382 3358 3357
f 137 3309 138
f 3334 3310 3309
f 3335 3311 3310
f 3336 3312 3311
f 3337 3313 3312
f 3338 3314 3313
f 3339 3315 3314
f 3340 3316 3315
f 3341 3317 3316
f 3342 3318 3317
f 3343 3319 3318
f 3344 3320 3319
f 3345 3321 3320
f 3346 3322 3321
f 3347 3323 3322
f 3348 3324 3323
f 3349 3325 3324
f 3350 3326 3325
f 3351 3327 3326
f 3352 3328 3327
f 3353 3329 3328
f 3354 3330 3329
f 3355 3331 3330
f 3356 3332 3331
f 3357 3333 3332
f 138 3284 139
f 3309 3285 3284
f 3310 3286 3285
f 3311 3287 3286
f 3312 3288 3287
f 3313 3289 3288
f 3314 3290 3289
f 3315 3291 3290
f 3316 3292 3291
f 3317 3293 3292
f 3318 3294 3293
f 3319 3295 3294
f 3320 3296 3295
f 3321 3297 3296
f 3322 3298 3297
f 3323 3299 3298
f 3324 3300 3299
f 3325 3301 3300
f 3326 3302 3301
f 3327 3303 3302
f 3328 3304 3303
f 3329 3305 3304
f 3330 3306 3305
f 3331 3307 3306
f 3332 3308 3307
f 139 3259 140
f 3284 3260 3259
f 3285 3261 3260
f 3286 3262 3261
f 3287 3263 3262
f 3288 3264 3263
f 3289 3265 3264
f 3290 3266 3265
f 3291 3267 3266
f 3292 3268 3267
f 3293 3269 3268
f 3294 3270 3269
f 3295 3271 3270
f 3296 3272 3271
f 3297 3273 3272
f 3298 3274 3273
f 3299 3275 3274
f 3300 3276 3275
f 3301 3277 3276
f 3302 3278 3277
f 3303 3279 3278
f 3304 3280 3279
f 3305 3281 3280
f 3306 3282 3281
f 3307 3283 3282
f 140 3234 141
f 3259 3235 3234
f 3260 3236 3235
f 3261 3237 3236
f 3262 3238 3237
f 3263 3239 3238
f 3264 3240 3239
f 3265 3241 3240
f 3266 3242 3241
f 3267 3243 3242
f 3268 3244 3243
f 3269 3245 3244
f 3270 3246 3245
f 3271 3247 3246
f 3272 3248 3247
f 3273 3249 3248
f 3274 3250 3249
f 3275 3251 3250
f 3276 3252 3251
f 3277 3253 3252
f 3278 3254 3253
f 3279 3255 3254
f 3280 3256 3255
f 3281 3257 3256
f 3282 3258 3257
f 141 3209 142
f 3234 3210 3209
f 3235 3211 3210
f 3236 3212 3211
f 3237 3213 3212
f 3238 3214 3213
f 3239 3215 3214
f 3240 3216 3215
f 3241 3217 3216
f 3242 3218 3217
f 3243 3219 3218
f 3244 3220 3219
f 3245 3221 3220
f 3246 3222 3221
f 3247 3223 3222
f 3248 3224 3223
f 3249 3225 3224
f 3250 3226 3225
f 3251 3227 3226
f 3252 3228 3227
f 3253 3229 3228
f 3254 3230 3229
f 3255 3231 3230
f 3256 3232 3231
f 3257 3233 3232
f 142 3184 143
f 3209 3185 3184
f 3210 3186 3185
f 3211 3187 3186
f 3212 3188 3187
f 3213 3189 3188
f 3214 3190 3189
f 3215 3191 3190
f 3216 3192 3191
f 3217 3193 3192
f 3218 3194 3193
f 3219 3195 3194
f 3220 3196 3195
f 3221 3197 3196
f 3222 3198 3197
f 3223 3199 3198
f 3224 3200 3199
f 3225 3201 3200
f 3226 3202 3201
f 3227 3203 3202
f 3228 3204 3203
f 3229 3205 3204
f 3230 3206 3205
f 3231 3207 3206
f 3232 3208 3207
f 143 3159 144
f 3184 3160 3159
f 3185 3161 3160
f 3186 3162 3161
f 3187 3163 3162
f 3188 3164 3163
f 3189 3165 3164
f 3190 3166 3165
f 3191 3167 3166
f 3192 3168 3167
f 3193 3169 3168
f 3194 3170 3169
f 3195 3171 3170
f 3196 3172 3171
f 3197 3173 3172
f 3198 3174 3173
f 3199 3175 3174
f 3200 3176 3175
f 3201 3177 3176
f 3202 3178 3177
f 3203 3179 3178
f 3204 3180 3179
f 3205 3181 3180
f 3206 3182 3181
f 3207 3183 3182
f 144 3134 145
f 3159 3135 3134
f 3160 3136 3135
f 3161 3137 3136
f 3162 3138 3137
f 3163 3139 3138
f 3164 3140 3139
f 3165 3141 3140
f 3166 3142 3141
f 3167 3143 3142
f 3168 3144 3143
f 3169 3145 3144
f 3170 3146 3145
f 3171 3147 3146
f 3172 3148 3147
f 3173 3149 3148
f 3174 3150 3149
f 3175 3151 3150
f 3176 3152 3151
f 3177 3153 3152
f 3178 3154 3153
f 3179 3155 3154
f 3180 3156 3155
f 3181 3157 3156
f 3182 3158 3157
f 145 3109 146
f 3134 3110 3109
f 3135 3111 3110
f 3136 3112 3111
f 3137 3113 3112
f 3138 3114 3113
f 3139 3115 3114
f 3140 3116 3115
f 3141 3117 3116
f 3142 3118 3117
f 3143 3119 3118
f 3144 3120 3119
f 3145 3121 3120
f 3146 3122 3121
f 3147 3123 3122
f 3148 3124 3123
f 3149 3125 3124
f 3150 3126 3125
f 3151 3127 3126
f 3152 3128 3127
f 3153 3129 3128
f 3154 3130 3129
f 3155 3131 3130
f 3156 3132 3131
f 3157 3133 3132
f 146 3084 147
f 3109 3085 3084
f 3110 3086 3085
f 3111 3087 3086
f 3112 3088 3087
f 3113 3089 3088
f 3114 3090 3089
f 3115 3091 3090
f 3116 3092 3091
f 3117 3093 3092
f 3118 3094 3093
f 3119 3095 3094
f 3120 3096 3095
f 3121 3097 3096
f 3122 3098 3097
f 3123 3099 3098
f 3124 3100 3099
f 3125 3101 3100
f 3126 3102 3101
f 3127 3103 3102
f 3128 3104 3103
f 3129 3105 3104
f 3130 3106 3105
f 3131 3107 3106
f 3132 3108 3107
f 147 3059 148
f 3084 3060 3059
f 3085 3061 3060
f 3086 3062 3061
f 3087 3063 3062
f 3088 3064 3063
f 3089 3065 3064
f 3090 3066 3065
f 3091 3067 3066
f 3092 3068 3067
f 3093 3069 3068
f 3094 3070 3069
f 3095 3071 3070
f 3096 3072 3071
f 3097 3073 3072
f 3098 3074 3073
f 3099 3075 3074
f 3100 3076 3075
f 3101 3077 3076
f 3102 3078 3077
f 3103 3079 3078
f 3104 3080 3079
f 3105 3081 3080
f 3106 3082 3081
f 3107 3083 3082
f 148 3034 149
f 3059 3035 3034
f 3060 3036 3035
f 3061 3037 3036
f 3062 3038 3037
f 3063 3039 3038
f 3064 3040 3039
f 3065 3041 3040
f 3066 3042 3041
f 3067 3043 3042
f 3068 3044 3043
f 3069 3045 3044
f 3070 3046 3045
f 3071 3047 3046
f 3072 3048 3047
f 3073 3049 3048
f 3074 3050 3049
f 3075 3051 3050
f 3076 3052 3051
f 3077 3053 3052
f 3078 3054 3053
f 3079 3055 3054
f 3080 3056 3055
f 3081 3057 3056
f 3082 3058 3057
f 149 3009 150
f 3034 3010 3009
f 3035 3011 3010
f 3036 3012 3011
f 3037 3013 3012
f 3038 3014 3013
f 3039 3015 3014
f 3040 3016 3015
f 3041 3017 3016
f 3042 3018 3017
f 3043 3019 3018
f 3044 3020 3019
f 3045 3021 3020
f 3046 3022 3021
f 3047 3023 3022
f 3048 3024 3023
f 3049 3025 3024
f 3050 3026 3025
f 3051 3027 3026
f 3052 3028 3027
f 3053 3029 3028
f 3054 3030 3029
f 3055 3031 3030
f 3056 3032 3031
f 3057 3033 3032
f 150 2984 151
f 3009 2985 2984
f 3010 2986 2985
f 3011 2987 2986
f 3012 2988 2987
f 3013 2989 2988
f 3014 2990 2989
f 3015 2991 2990
f 3016 2992 2991
f 3017 2993 2992
f 3018 2994 2993
f 3019 2995 2994
f 3020 2996 2995
f 3021 2997 2996
f 3022 2998 2997
f 3023 2999 2998
f 3024 3000 2999
f 3025 3001 3000
f 3026 3002 3001
f 3027 3003 3002
f 3028 3004 3003
f 3029 3005 3004
f 3030 3006 3005
f 3031 3007 3006
f 3032 3008 3007
f 151 2959 152
f 2984 2960 2959
f 2985 2961 2960
f 2986 2962 2961
f 2987 2963 2962
f 2988 2964 2963
f 2989 2965 2964
f 2990 2966 2965
f 2991 2967 2966
f 2992 2968 2967
f 2993 2969 2968
f 2994 2970 2969
f 2995 2971 2970
f 2996 2972 2971
f 2997 2973 2972
f 2998 2974 2973
f 2999 2975 2974
f 3000 2976 2975
f 3001 2977 2976
f 3002 2978 2977
f 3003 2979 2978
f 3004 2980 2979
f 3005 2981 2980
f 3006 2982 2981
f 3007 2983 2982
f 152 2934 153
f 2959 2935 2934
f 2960 2936 2935
f 2961 2937 2936
f 2962 2938 2937
f 2963 2939 2938
f 2964 2940 2939
f 2965 2941 2940
f 2966 2942 2941
f 2967 2943 2942
f 2968 2944 2943
f 2969 2945 2944
f 2970 2946 2945
f 2971 2947 2946
f 2972 2948 2947
f 2973 2949 2948
f 2974 2950 2949
f 2975 2951 2950
f 2976 2952 2951
f 2977 2953 2952
f 2978 2954 2953
f 2979 2955 2954
f 2980 2956 2955
f 2981 2957 2956
f 2982 2958 2957
f 153 2909 154
f 2934 2910 2909
f 2935 2911 2910
f 2936 2912 2911
f 2937 2913 2912
f 2938 2914 2913
f 2939 2915 2914
f 2940 2916 2915
f 2941 2917 2916
f 2942 2918 2917
f 2943 2919 2918
f 2944 2920 2919
f 2945 2921 2920
f 2946 2922 2921
f 2947 2923 2922
f 2948 2924 2923
f 2949 2925 2924
f 2950 2926 2925
f 2951 2927 2926
f 2952 2928 2927
f 2953 2929 2928
f 2954 2930 2929
f 2955 2931 2930
f 2956 2932 2931
f 2957 2933 2932
f 154 2884 155
f 2909 2885 2884
f 2910 2886 2885
f 2911 2887 2886
f 2912 2888 2887
f 2913 2889 2888
f 2914 2890 2889
f 2915 2891 2890
f 2916 2892 2891
f 2917 2893 2892
f 2918 2894 2893
f 2919 2895 2894
f 2920 2896 2895
f 2921 2897 2896
f 2922 2898 2897
f 2923 2899 2898
f 2924 2900 2899
f 2925 2901 2900
f 2926 2902 2901
f 2927 2903 2902
f 2928 2904 2903
f 2929 2905 2904
f 2930 2906 2905
f 2931 2907 2906
f 2932 2908 2907
f 155 2859 156
f 2884 2860 2859
f 2885 2861 2860
f 2886 2862 2861
f 2887 2863 2862
f 2888 2864 2863
f 2889 2865 2864
f 2890 2866 2865
f 2891 2867 2866
f 2892 2868 2867
f 2893 2869 2868
f 2894 2870 2869
f 2895 2871 2870
f 2896 2872 2871
f 2897 2873 2872
f 2898 2874 2873
f 2899 2875 2874
f 2900 2876 2875
f 2901 2877 2876
f 2902 2878 2877
f 2903 2879 2878
f 2904 2880 2879
f 2905 2881 2880
f 2906 2882 2881
f 2907 2883 2882
f 156 2834 157
f 2859 2835 2834
f 2860 2836 2835
f 2861 2837 2836
f 2862 2838 2837
f 2863 2839 2838
f 2864 2840 2839
f 2865 2841 2840
f 2866 2842 2841
f 2867 2843 2842
f 2868 2844 2843
f 2869 2845 2844
f 2870 2846 2845
f 2871 2847 2846
f 2872 2848 2847
f 2873 2849 2848
f 2874 2850 2849
f 2875 2851 2850
f 2876 2852 2851
f 2877 2853 2852
f 2878 2854 2853
f 2879 2855 2854
f 2880 2856 2855
f 2881 2857 2856
f 2882 2858 2857
f 157 2809 158
f 2834 2810 2809
f 2835 2811 2810
f 2836 2812 2811
f 2837 2813 2812
f 2838 2814 2813
f 2839 2815 2814
f 2840 2816 2815
f 2841 2817 2816
f 2842 2818 2817
f 2843 2819 2818
f 2844 2820 2819
f 2845 2821 2820
f 2846 2822 2821
f 2847 2823 2822
f 2848 2824 2823
f 2849 2825 2824
f 2850 2826 2825
f 2851 2827 2826
f 2852 2828 2827
f 2853 2829 2828
f 2854 2830 2829
f 2855 2831 2830
f 2856 2832 2831
f 2857 2833 2832
f 3 2809 1483
f 1483 2810 1482
f 1482 2811 1481
f 1481 2812 1480
f 1480 2813 1479
f 1479 2814 1478
f 1478 2815 1477
f 1477 2816 1476
f 1476 2817 1475
f 1475 2818 1474
f 1474 2819 1473
f 1473 2820 1472
f 1472 2821 1471
f 1471 2822 1470
f 1470 2823 1469
f 1469 2824 1468
f 1468 2825 1467
f 1467 2826 1466
f 1466 2827 1465
f 1465 2828 1464
f 1464 2829 1463
f 1463 2830 1462
f 1462 2831 1461
f 1461 2832 1460
f 1460 2833 1459
f 184 2759 185
f 2784 2760 2759
f 2785 2761 2760
f 2786 2762 2761
f 2787 2763 2762
f 2788 2764 2763
f 2789 2765 2764
f 2790 2766 2765
f 2791 2767 2766
f 2792 2768 2767
f 2793 2769 2768
f 2794 2770 2769
f 2795 2771 2770
f 2796 2772 2771
f 2797 2773 2772
f 2798 2774 2773
f 2799 2775 2774
f 2800 2776 2775
f 2801 2777 2776
f 2802 2778 2777
f 2803 2779 2778
f 2804 2780 2779
f 2805 2781 2780
f 2806 2782 2781
f 2782 2808 2783
f 185 2734 186
f 2759 2735 2734
f 2760 2736 2735
f 2761 2737 2736
f 2762 2738 2737
f 2763 2739 2738
f 2764 2740 2739
f 2765 2741 2740
f 2766 2742 2741
f 2767 2743 2742
f 2768 2744 2743
f 2769 2745 2744
f 2770 2746 2745
f 2771 2747 2746
f 2772 2748 2747
f 2773 2749 2748
f 2774 2750 2749
f 2775 2751 2750
f 2776 2752 2751
f 2777 2753 2752
f 2778 2754 2753
f 2779 2755 2754
f 2780 2756 2755
f 2781 2757 2756
f 2757 2783 2758
f 186 2709 187
f 2734 2710 2709
f 2735 2711 2710
f 2736 2712 2711
f 2737 2713 2712
f 2738 2714 2713
f 2739 2715 2714
f 2740 2716 2715
f 2741 2717 2716
f 2742 2718 2717
f 2743 2719 2718
f 2744 2720 2719
f 2745 2721 2720
f 2746 2722 2721
f 2747 2723 2722
f 2748 2724 2723
f 2749 2725 2724
f 2750 2726 2725
f 2751 2727 2726
f 2752 2728 2727
f 2753 2729 2728
f 2754 2730 2729
f 2755 2731 2730
f 2756 2732 2731
f 2732 2758 2733
f 187 2684 188
f 2709 2685 2684
f 2710 2686 2685
f 2711 2687 2686
f 2712 2688 2687
f 2713 2689 2688
f 2714 2690 2689
f 2715 2691 2690
f 2716 2692 2691
f 2717 2693 2692
f 2718 2694 2693
f 2719 2695 2694
f 2720 2696 2695
f 2721 2697 2696
f 2722 2698 2697
f 2723 2699 2698
f 2724 2700 2699
f 2725 2701 2700
f 2726 2702 2701
f 2727 2703 2702
f 2728 2704 2703
f 2729 2705 2704
f 2730 2706 2705
f 2731 2707 2706
f 2707 2733 2708
f 188 2659 189
f 2684 2660 2659
f 2685 2661 2660
f 2686 2662 2661
f 2687 2663 2662
f 2688 2664 2663
f 2689 2665 2664
f 2690 2666 2665
f 2691 2667 2666
f 2692 2668 2667
f 2693 2669 2668
f 2694 2670 2669
f 2695 2671 2670
f 2696 2672 2671
f 2697 2673 2672
f 2698 2674 2673
f 2699 2675 2674
f 2700 2676 2675
f 2701 2677 2676
f 2702 2678 2677
f 2703 2679 2678
f 2704 2680 2679
f 2705 2681 2680
f 2706 2682 2681
f 2682 2708 2683
f 189 2634 190
f 2659 2635 2634
f 2660 2636 2635
f 2661 2637 2636
f 2662 2638 2637
f 2663 2639 2638
f 2664 2640 2639
f 2665 2641 2640
f 2666 2642 2641
f 2667 2643 2642
f 2668 2644 2643
f 2669 2645 2644
f 2670 2646 2645
f 2671 2647 2646
f 2672 2648 2647
f 2673 2649 2648
f 2674 2650 2649
f 2675 2651 2650
f 2676 2652 2651
f 2677 2653 2652
f 2678 2654 2653
f 2679 2655 2654
f 2680 2656 2655
f 2656 2682 2657
f 2657 2683 2658
f 190 2609 191
f 2634 2610 2609
f 2635 2611 2610
f 2636 2612 2611
f 2637 2613 2612
f 2638 2614 2613
f 2639 2615 2614
f 2640 2616 2615
f 2641 2617 2616
f 2642 2618 2617
f 2643 2619 2618
f 2644 2620 2619
f 2645 2621 2620
f 2646 2622 2621
f 2647 2623 2622
f 2648 2624 2623
f 2649 2625 2624
f 2650 2626 2625
f 2651 2627 2626
f 2652 2628 2627
f 2653 2629 2628
f 2654 2630 2629
f 2655 2631 2630
f 2631 2657 2632
f 2632 2658 2633
f 191 2584 192
f 2609 2585 2584
f 2610 2586 2585
f 2611 2587 2586
f 2612 2588 2587
f 2613 2589 2588
f 2614 2590 2589
f 2615 2591 2590
f 2616 2592 2591
f 2617 2593 2592
f 2618 2594 2593
f 2619 2595 2594
f 2620 2596 2595
f 2621 2597 2596
f 2622 2598 2597
f 2623 2599 2598
f 2624 2600 2599
f 2625 2601 2600
f 2626 2602 2601
f 2627 2603 2602
f 2628 2604 2603
f 2629 2605 2604
f 2630 2606 2605
f 2606 2632 2607
f 2607 2633 2608
f 192 2559 193
f 2584 2560 2559
f 2585 2561 2560
f 2586 2562 2561
f 2587 2563 2562
f 2588 2564 2563
f 2589 2565 2564
f 2590 2566 2565
f 2591 2567 2566
f 2592 2568 2567
f 2593 2569 2568
f 2594 2570 2569
f 2595 2571 2570
f 2596 2572 2571
f 2597 2573 2572
f 2598 2574 2573
f 2599 2575 2574
f 2600 2576 2575
f 2601 2577 2576
f 2577 2603 2578
f 2578 2604 2579
f 2604 2580 2579
f 2605 2581 2580
f 2581 2607 2582
f 2582 2608 2583
f 193 2534 194
f 2559 2535 2534
f 2560 2536 2535
f 2561 2537 2536
f 2562 2538 2537
f 2563 2539 2538
f 2564 2540 2539
f 2565 2541 2540
f 2566 2542 2541
f 2567 2543 2542
f 2568 2544 2543
f 2569 2545 2544
f 2570 2546 2545
f 2571 2547 2546
f 2572 2548 2547
f 2573 2549 2548
f 2574 2550 2549
f 2550 2576 2551
f 2551 2577 2552
f 2552 2578 2553
f 2553 2579 2554
f 2554 2580 2555
f 2555 2581 2556
f 2556 2582 2557
f 2557 2583 2558
f 194 2509 195
f 2534 2510 2509
f 2535 2511 2510
f 2536 2512 2511
f 2537 2513 2512
f 2538 2514 2513
f 2539 2515 2514
f 2540 2516 2515
f 2541 2517 2516
f 2517 2543 2518
f 2518 2544 2519
f 2544 2520 2519
f 2545 2521 2520
f 2521 2547 2522
f 2522 2548 2523
f 2548 2524 2523
f 2549 2525 2524
f 2525 2551 2526
f 2526 2552 2527
f 2552 2528 2527
f 2553 2529 2528
f 2529 2555 2530
f 2530 2556 2531
f 2556 2532 2531
f 2557 2533 2532
f 195 2484 196
f 2484 2510 2485
f 2510 2486 2485
f 2511 2487 2486
f 2487 2513 2488
f 2513 2489 2488
f 2514 2490 2489
f 2515 2491 2490
f 2491 2517 2492
f 2492 2518 2493
f 2493 2519 2494
f 2494 2520 2495
f 2520 2496 2495
f 2521 2497 2496
f 2497 2523 2498
f 2523 2499 2498
f 2524 2500 2499
f 2500 2526 2501
f 2501 2527 2502
f 2527 2503 2502
f 2528 2504 2503
f 2504 2530 2505
f 2530 2506 2505
f 2531 2507 2506
f 2532 2508 2507
f 196 2459 197
f 2459 2485 2460
f 2485 2461 2460
f 2486 2462 2461
f 2462 2488 2463
f 2488 2464 2463
f 2489 2465 2464
f 2490 2466 2465
f 2466 2492 2467
f 2492 2468 2467
f 2493 2469 2468
f 2469 2495 2470
f 2495 2471 2470
f 2496 2472 2471
f 2472 2498 2473
f 2498 2474 2473
f 2474 2500 2475
f 2475 2501 2476
f 2501 2477 2476
f 2477 2503 2478
f 2503 2479 2478
f 2504 2480 2479
f 2505 2481 2480
f 2506 2482 2481
f 2482 2508 2483
f 197 2434 198
f 2459 2435 2434
f 2460 2436 2435
f 2461 2437 2436
f 2462 2438 2437
f 2463 2439 2438
f 2464 2440 2439
f 2465 2441 2440
f 2441 2467 2442
f 2467 2443 2442
f 2468 2444 2443
f 2469 2445 2444
f 2445 2471 2446
f 2471 2447 2446
f 2472 2448 2447
f 2448 2474 2449
f 2449 2475 2450
f 2475 2451 2450
f 2476 2452 2451
f 2452 2478 2453
f 2453 2479 2454
f 2479 2455 2454
f 2480 2456 2455
f 2456 2482 2457
f 2457 2483 2458
f 198 2409 199
f 2434 2410 2409
f 2435 2411 2410
f 2436 2412 2411
f 2437 2413 2412
f 2438 2414 2413
f 2439 2415 2414
f 2440 2416 2415
f 2441 2417 2416
f 2442 2418 2417
f 2443 2419 2418
f 2444 2420 2419
f 2445 2421 2420
f 2446 2422 2421
f 2447 2423 2422
f 2448 2424 2423
f 2424 2450 2425
f 2450 2426 2425
f 2451 2427 2426
f 2427 2453 2428
f 2428 2454 2429
f 2454 2430 2429
f 2455 2431 2430
f 2431 2457 2432
f 2432 2458 2433
f 199 2384 200
f 2409 2385 2384
f 2410 2386 2385
f 2411 2387 2386
f 2412 2388 2387
f 2413 2389 2388
f 2414 2390 2389
f 2415 2391 2390
f 2416 2392 2391
f 2417 2393 2392
f 2418 2394 2393
f 2419 2395 2394
f 2420 2396 2395
f 2421 2397 2396
f 2422 2398 2397
f 2423 2399 2398
f 2424 2400 2399
f 2425 2401 2400
f 2426 2402 2401
f 2402 2428 2403
f 2403 2429 2404
f 2429 2405 2404
f 2430 2406 2405
f 2406 2432 2407
f 2407 2433 2408
f 200 2359 201
f 2384 2360 2359
f 2385 2361 2360
f 2386 2362 2361
f 2387 2363 2362
f 2388 2364 2363
f 2389 2365 2364
f 2390 2366 2365
f 2391 2367 2366
f 2392 2368 2367
f 2393 2369 2368
f 2394 2370 2369
f 2395 2371 2370
f 2396 2372 2371
f 2397 2373 2372
f 2398 2374 2373
f 2399 2375 2374
f 2400 2376 2375
f 2401 2377 2376
f 2402 2378 2377
f 2403 2379 2378
f 2404 2380 2379
f 2405 2381 2380
f 2381 2407 2382
f 2382 2408 2383
f 201 2334 202
f 2359 2335 2334
f 2360 2336 2335
f 2361 2337 2336
f 2362 2338 2337
f 2363 2339 2338
f 2364 2340 2339
f 2365 2341 2340
f 2366 2342 2341
f 2367 2343 2342
f 2368 2344 2343
f 2369 2345 2344
f 2370 2346 2345
f 2371 2347 2346
f 2372 2348 2347
f 2373 2349 2348
f 2374 2350 2349
f 2375 2351 2350
f 2376 2352 2351
f 2377 2353 2352
f 2378 2354 2353
f 2379 2355 2354
f 2380 2356 2355
f 2356 2382 2357
f 2357 2383 2358
f 202 2309 203
f 2334 2310 2309
f 2335 2311 2310
f 2336 2312 2311
f 2337 2313 2312
f 2338 2314 2313
f 2339 2315 2314
f 2340 2316 2315
f 2341 2317 2316
f 2342 2318 2317
f 2343 2319 2318
f 2344 2320 2319
f 2345 2321 2320
f 2346 2322 2321
f 2347 2323 2322
f 2348 2324 2323
f 2349 2325 2324
f 2350 2326 2325
f 2351 2327 2326
f 2352 2328 2327
f 2353 2329 2328
f 2354 2330 2329
f 2355 2331 2330
f 2331 2357 2332
f 2332 2358 2333
f 203 2284 204
f 2309 2285 2284
f 2310 2286 2285
f 2311 2287 2286
f 2312 2288 2287
f 2313 2289 2288
f 2314 2290 2289
f 2315 2291 2290
f 2316 2292 2291
f 2317 2293 2292
f 2318 2294 2293
f 2319 2295 2294
f 2320 2296 2295
f 2321 2297 2296
f 2322 2298 2297
f 2323 2299 2298
f 2324 2300 2299
f 2325 2301 2300
f 2326 2302 2301
f 2327 2303 2302
f 2328 2304 2303
f 2329 2305 2304
f 2330 2306 2305
f 2331 2307 2306
f 2307 2333 2308
f 204 2259 205
f 2284 2260 2259
f 2285 2261 2260
f 2286 2262 2261
f 2287 2263 2262
f 2288 2264 2263
f 2289 2265 2264
f 2290 2266 2265
f 2291 2267 2266
f 2292 2268 2267
f 2293 2269 2268
f 2294 2270 2269
f 2295 2271 2270
f 2296 2272 2271
f 2297 2273 2272
f 2298 2274 2273
f 2299 2275 2274
f 2300 2276 2275
f 2301 2277 2276
f 2302 2278 2277
f 2303 2279 2278
f 2304 2280 2279
f 2305 2281 2280
f 2306 2282 2281
f 2282 2308 2283
f 205 2234 206
f 2259 2235 2234
f 2260 2236 2235
f 2261 2237 2236
f 2262 2238 2237
f 2263 2239 2238
f 2264 2240 2239
f 2265 2241 2240
f 2266 2242 2241
f 2267 2243 2242
f 2268 2244 2243
f 2269 2245 2244
f 2270 2246 2245
f 2271 2247 2246
f 2272 2248 2247
f 2273 2249 2248
f 2274 2250 2249
f 2275 2251 2250
f 2276 2252 2251
f 2277 2253 2252
f 2278 2254 2253
f 2279 2255 2254
f 2280 2256 2255
f 2281 2257 2256
f 2257 2283 2258
f 206 2209 207
f 2234 2210 2209
f 2235 2211 2210
f 2236 2212 2211
f 2237 2213 2212
f 2238 2214 2213
f 2239 2215 2214
f 2240 2216 2215
f 2241 2217 2216
f 2242 2218 2217
f 2243 2219 2218
f 2244 2220 2219
f 2245 2221 2220
f 2246 2222 2221
f 2247 2223 2222
f 2248 2224 2223
f 2249 2225 2224
f 2250 2226 2225
f 2251 2227 2226
f 2252 2228 2227
f 2253 2229 2228
f 2254 2230 2229
f 2255 2231 2230
f 2256 2232 2231
f 2232 2258 2233
f 207 2184 208
f 2209 2185 2184
f 2210 2186 2185
f 2211 2187 2186
f 2212 2188 2187
f 2213 2189 2188
f 2214 2190 2189
f 2215 2191 2190
f 2216 2192 2191
f 2217 2193 2192
f 2218 2194 2193
f 2219 2195 2194
f 2220 2196 2195
f 2221 2197 2196
f 2222 2198 2197
f 2223 2199 2198
f 2224 2200 2199
f 2225 2201 2200
f 2226 2202 2201
f 2227 2203 2202
f 2228 2204 2203
f 2229 2205 2204
f 2230 2206 2205
f 2231 2207 2206
f 2207 2233 2208
f 5 2184 1533
f 1533 2185 1532
f 1532 2186 1531
f 1531 2187 1530
f 1530 2188 1529
f 1529 2189 1528
f 1528 2190 1527
f 1527 2191 1526
f 1526 2192 1525
f 1525 2193 1524
f 1524 2194 1523
f 1523 2195 1522
f 1522 2196 1521
f 1521 2197 1520
f 1520 2198 1519
f 1519 2199 1518
f 1518 2200 1517
f 1517 2201 1516
f 1516 2202 1515
f 1515 2203 1514
f 1514 2204 1513
f 1513 2205 1512
f 1512 2206 1511
f 1511 2207 1510
f 1510 2208 1509
f 2158 33 32
f 2157 2183 2158
f 2156 2182 2157
f 2155 2181 2156
f 2154 2180 2155
f 2153 2179 2154
f 2152 2178 2153
f 2151 2177 2152
f 2150 2176 2151
f 2149 2175 2150
f 2148 2174 2149
f 2147 2173 2148
f 2146 2172 2147
f 2145 2171 2146
f 2144 2170 2145
f 2143 2169 2144
f 2142 2168 2143
f 2141 2167 2142
f 2140 2166 2141
f 2139 2165 2140
f 2138 2164 2139
f 2137 2163 2138
f 2136 2162 2137
f 2135 2161 2136
f 2134 2160 2135
f 2133 32 31
f 2132 2158 2133
f 2131 2157 2132
f 2130 2156 2131
f 2129 2155 2130
f 2128 2154 2129
f 2127 2153 2128
f 2126 2152 2127
f 2125 2151 2126
f 2124 2150 2125
f 2123 2149 2124
f 2122 2148 2123
f 2121 2147 2122
f 2120 2146 2121
f 2119 2145 2120
f 2118 2144 2119
f 2117 2143 2118
f 2116 2142 2117
f 2115 2141 2116
f 2114 2140 2115
f 2113 2139 2114
f 2112 2138 2113
f 2111 2137 2112
f 2110 2136 2111
f 2109 2135 2110
f 2108 31 30
f 2107 2133 2108
f 2106 2132 2107
f 2105 2131 2106
f 2104 2130 2105
f 2103 2129 2104
f 2102 2128 2103
f 2101 2127 2102
f 2100 2126 2101
f 2099 2125 2100
f 2098 2124 2099
f 2097 2123 2098
f 2096 2122 2097
f 2095 2121 2096
f 2094 2120 2095
f 2093 2119 2094
f 2092 2118 2093
f 2091 2117 2092
f 2090 2116 2091
f 2089 2115 2090
f 2088 2114 2089
f 2087 2113 2088
f 2086 2112 2087
f 2085 2111 2086
f 2084 2110 2085
f 2083 30 29
f 2082 2108 2083
f 2081 2107 2082
f 2080 2106 2081
f 2079 2105 2080
f 2078 2104 2079
f 2077 2103 2078
f 2076 2102 2077
f 2075 2101 2076
f 2074 2100 2075
f 2073 2099 2074
f 2072 2098 2073
f 2071 2097 2072
f 2070 2096 2071
f 2069 2095 2070
f 2068 2094 2069
f 2067 2093 2068
f 2066 2092 2067
f 2065 2091 2066
f 2064 2090 2065
f 2063 2089 2064
f 2062 2088 2063
f 2061 2087 2062
f 2060 2086 2061
f 2059 2085 2060
f 2058 29 28
f 2057 2083 2058
f 2056 2082 2057
f 2055 2081 2056
f 2054 2080 2055
f 2053 2079 2054
f 2052 2078 2053
f 2051 2077 2052
f 2050 2076 2051
f 2049 2075 2050
f 2048 2074 2049
f 2047 2073 2048
f 2046 2072 2047
f 2045 2071 2046
f 2044 2070 2045
f 2043 2069 2044
f 2042 2068 2043
f 2041 2067 2042
f 2040 2066 2041
f 2039 2065 2040
f 2038 2064 2039
f 2037 2063 2038
f 2036 2062 2037
f 2035 2061 2036
f 2034 2060 2035
f 2033 28 27
f 2032 2058 2033
f 2031 2057 2032
f 2030 2056 2031
f 2029 2055 2030
f 2028 2054 2029
f 2027 2053 2028
f 2026 2052 2027
f 2025 2051 2026
f 2024 2050 2025
f 2023 2049 2024
f 2022 2048 2023
f 2021 2047 2022
f 2020 2046 2021
f 2019 2045 2020
f 2018 2044 2019
f 2017 2043 2018
f 2016 2042 2017
f 2015 2041 2016
f 2014 2040 2015
f 2013 2039 2014
f 2012 2038 2013
f 2011 2037 2012
f 2010 2036 2011
f 2009 2035 2010
f 2008 27 26
f 2007 2033 2008
f 2006 2032 2007
f 2005 2031 2006
f 2004 2030 2005
f 2003 2029 2004
f 2002 2028 2003
f 2001 2027 2002
f 2000 2026 2001
f 1999 2025 2000
f 1998 2024 1999
f 1997 2023 1998
f 1996 2022 1997
f 1995 2021 1996
f 1994 2020 1995
f 1993 2019 1994
f 1992 2018 1993
f 1991 2017 1992
f 1990 2016 1991
f 1989 2015 1990
f 1988 2014 1989
f 1987 2013 1988
f 1986 2012 1987
f 1985 2011 1986
f 1984 2010 1985
f 1983 26 25
f 1982 2008 1983
f 1981 2007 1982
f 1980 2006 1981
f 1979 2005 1980
f 1978 2004 1979
f 1977 2003 1978
f 1976 2002 1977
f 1975 2001 1976
f 1974 2000 1975
f 1973 1999 1974
f 1972 1998 1973
f 1971 1997 1972
f 1970 1996 1971
f 1969 1995 1970
f 1968 1994 1969
f 1967 1993 1968
f 1966 1992 1967
f 1965 1991 1966
f 1964 1990 1965
f 1963 1989 1964
f 1962 1988 1963
f 1961 1987 1962
f 1960 1986 1961
f 1959 1985 1960
f 1958 25 24
f 1957 1983 1958
f 1956 1982 1957
f 1955 1981 1956
f 1954 1980 1955
f 1953 1979 1954
f 1952 1978 1953
f 1951 1977 1952
f 1950 1976 1951
f 1949 1975 1950
f 1948 1974 1949
f 1947 1973 1948
f 1946 1972 1947
f 1945 1971 1946
f 1944 1970 1945
f 1943 1969 1944
f 1942 1968 1943
f 1941 1967 1942
f 1940 1966 1941
f 1939 1965 1940
f 1938 1964 1939
f 1937 1963 1938
f 1936 1962 1937
f 1935 1961 1936
f 1934 1960 1935
f 1933 24 23
f 1932 1958 1933
f 1931 1957 1932
f 1930 1956 1931
f 1929 1955 1930
f 1928 1954 1929
f 1927 1953 1928
f 1926 1952 1927
f 1925 1951 1926
f 1924 1950 1925
f 1923 1949 1924
f 1922 1948 1923
f 1921 1947 1922
f 1920 1946 1921
f 1919 1945 1920
f 1918 1944 1919
f 1917 1943 1918
f 1916 1942 1917
f 1915 1941 1916
f 1914 1940 1915
f 1913 1939 1914
f 1912 1938 1913
f 1911 1937 1912
f 1910 1936 1911
f 1909 1935 1910
f 1908 23 22
f 1907 1933 1908
f 1906 1932 1907
f 1905 1931 1906
f 1904 1930 1905
f 1903 1929 1904
f 1902 1928 1903
f 1901 1927 1902
f 1900 1926 1901
f 1899 1925 1900
f 1898 1924 1899
f 1897 1923 1898
f 1896 1922 1897
f 1895 1921 1896
f 1894 1920 1895
f 1893 1919 1894
f 1892 1918 1893
f 1891 1917 1892
f 1890 1916 1891
f 1889 1915 1890
f 1888 1914 1889
f 1887 1913 1888
f 1886 1912 1887
f 1885 1911 1886
f 1884 1910 1885
f 1883 22 21
f 1882 1908 1883
f 1881 1907 1882
f 1880 1906 1881
f 1879 1905 1880
f 1878 1904 1879
f 1877 1903 1878
f 1876 1902 1877
f 1875 1901 1876
f 1874 1900 1875
f 1873 1899 1874
f 1872 1898 1873
f 1871 1897 1872
f 1870 1896 1871
f 1869 1895 1870
f 1868 1894 1869
f 1867 1893 1868
f 1866 1892 1867
f 1865 1891 1866
f 1864 1890 1865
f 1863 1889 1864
f 1862 1888 1863
f 1861 1887 1862
f 1860 1886 1861
f 1859 1885 1860
f 1858 21 20
f 1857 1883 1858
f 1856 1882 1857
f 1855 1881 1856
f 1854 1880 1855
f 1853 1879 1854
f 1852 1878 1853
f 1851 1877 1852
f 1850 1876 1851
f 1849 1875 1850
f 1848 1874 1849
f 1847 1873 1848
f 1846 1872 1847
f 1845 1871 1846
f 1844 1870 1845
f 1843 1869 1844
f 1842 1868 1843
f 1841 1867 1842
f 1840 1866 1841
f 1839 1865 1840
f 1838 1864 1839
f 1837 1863 1838
f 1836 1862 1837
f 1835 1861 1836
f 1834 1860 1835
f 1833 20 19
f 1832 1858 1833
f 1831 1857 1832
f 1830 1856 1831
f 1829 1855 1830
f 1828 1854 1829
f 1827 1853 1828
f 1826 1852 1827
f 1825 1851 1826
f 1824 1850 1825
f 1823 1849 1824
f 1822 1848 1823
f 1821 1847 1822
f 1820 1846 1821
f 1819 1845 1820
f 1818 1844 1819
f 1817 1843 1818
f 1816 1842 1817
f 1815 1841 1816
f 1814 1840 1815
f 1813 1839 1814
f 1812 1838 1813
f 1811 1837 1812
f 1810 1836 1811
f 1809 1835 1810
f 1808 19 18
f 1807 1833 1808
f 1806 1832 1807
f 1805 1831 1806
f 1804 1830 1805
f 1803 1829 1804
f 1802 1828 1803
f 1801 1827 1802
f 1800 1826 1801
f 1799 1825 1800
f 1798 1824 1799
f 1797 1823 1798
f 1796 1822 1797
f 1795 1821 1796
f 1794 1820 1795
f 1793 1819 1794
f 1792 1818 1793
f 1791 1817 1792
f 1790 1816 1791
f 1789 1815 1790
f 1788 1814 1789
f 1787 1813 1788
f 1786 1812 1787
f 1785 1811 1786
f 1784 1810 1785
f 1783 18 17
f 1782 1808 1783
f 1781 1807 1782
f 1780 1806 1781
f 1779 1805 1780
f 1778 1804 1779
f 1777 1803 1778
f 1776 1802 1777
f 1775 1801 1776
f 1774 1800 1775
f 1773 1799 1774
f 1772 1798 1773
f 1771 1797 1772
f 1770 1796 1771
f 1769 1795 1770
f 1768 1794 1769
f 1767 1793 1768
f 1766 1792 1767
f 1765 1791 1766
f 1764 1790 1765
f 1763 1789 1764
f 1762 1788 1763
f 1761 1787 1762
f 1760 1786 1761
f 1759 1785 1760
f 1758 17 16
f 1757 1783 1758
f 1756 1782 1757
f 1755 1781 1756
f 1754 1780 1755
f 1753 1779 1754
f 1752 1778 1753
f 1751 1777 1752
f 1750 1776 1751
f 1749 1775 1750
f 1748 1774 1749
f 1747 1773 1748
f 1746 1772 1747
f 1745 1771 1746
f 1744 1770 1745
f 1743 1769 1744
f 1742 1768 1743
f 1741 1767 1742
f 1740 1766 1741
f 1739 1765 1740
f 1738 1764 1739
f 1737 1763 1738
f 1736 1762 1737
f 1735 1761 1736
f 1734 1760 1735
f 1733 16 15
f 1732 1758 1733
f 1731 1757 1732
f 1730 1756 1731
f 1729 1755 1730
f 1728 1754 1729
f 1727 1753 1728
f 1726 1752 1727
f 1725 1751 1726
f 1724 1750 1725
f 1723 1749 1724
f 1722 1748 1723
f 1721 1747 1722
f 1720 1746 1721
f 1719 1745 1720
f 1718 1744 1719
f 1717 1743 1718
f 1716 1742 1717
f 1715 1741 1716
f 1714 1740 1715
f 1713 1739 1714
f 1712 1738 1713
f 1711 1737 1712
f 1710 1736 1711
f 1709 1735 1710
f 1708 15 14
f 1707 1733 1708
f 1706 1732 1707
f 1705 1731 1706
f 1704 1730 1705
f 1703 1729 1704
f 1702 1728 1703
f 1701 1727 1702
f 1700 1726 1701
f 1699 1725 1700
f 1698 1724 1699
f 1697 1723 1698
f 1696 1722 1697
f 1695 1721 1696
f 1694 1720 1695
f 1693 1719 1694
f 1692 1718 1693
f 1691 1717 1692
f 1690 1716 1691
f 1689 1715 1690
f 1688 1714 1689
f 1687 1713 1688
f 1686 1712 1687
f 1685 1711 1686
f 1684 1710 1685
f 1683 14 13
f 1682 1708 1683
f 1681 1707 1682
f 1680 1706 1681
f 1679 1705 1680
f 1678 1704 1679
f 1677 1703 1678
f 1676 1702 1677
f 1675 1701 1676
f 1674 1700 1675
f 1673 1699 1674
f 1672 1698 1673
f 1671 1697 1672
f 1670 1696 1671
f 1669 1695 1670
f 1668 1694 1669
f 1667 1693 1668
f 1666 1692 1667
f 1665 1691 1666
f 1664 1690 1665
f 1663 1689 1664
f 1662 1688 1663
f 1661 1687 1662
f 1660 1686 1661
f 1659 1685 1660
f 1658 13 12
f 1657 1683 1658
f 1656 1682 1657
f 1655 1681 1656
f 1654 1680 1655
f 1653 1679 1654
f 1652 1678 1653
f 1651 1677 1652
f 1650 1676 1651
f 1649 1675 1650
f 1648 1674 1649
f 1647 1673 1648
f 1646 1672 1647
f 1645 1671 1646
f 1644 1670 1645
f 1643 1669 1644
f 1642 1668 1643
f 1641 1667 1642
f 1640 1666 1641
f 1639 1665 1640
f 1638 1664 1639
f 1637 1663 1638
f 1636 1662 1637
f 1635 1661 1636
f 1634 1660 1635
f 1633 12 11
f 1632 1658 1633
f 1631 1657 1632
f 1630 1656 1631
f 1629 1655 1630
f 1628 1654 1629
f 1627 1653 1628
f 1626 1652 1627
f 1625 1651 1626
f 1624 1650 1625
f 1623 1649 1624
f 1622 1648 1623
f 1621 1647 1622
f 1620 1646 1621
f 1619 1645 1620
f 1618 1644 1619
f 1617 1643 1618
f 1616 1642 1617
f 1615 1641 1616
f 1614 1640 1615
f 1613 1639 1614
f 1612 1638 1613
f 1611 1637 1612
f 1610 1636 1611
f 1609 1635 1610
f 1608 11 10
f 1607 1633 1608
f 1606 1632 1607
f 1605 1631 1606
f 1604 1630 1605
f 1603 1629 1604
f 1602 1628 1603
f 1601 1627 1602
f 1600 1626 1601
f 1599 1625 1600
f 1598 1624 1599
f 1597 1623 1598
f 1596 1622 1597
f 1595 1621 1596
f 1594 1620 1595
f 1593 1619 1594
f 1592 1618 1593
f 1591 1617 1592
f 1590 1616 1591
f 1589 1615 1590
f 1588 1614 1589
f 1587 1613 1588
f 1586 1612 1587
f 1585 1611 1586
f 1584 1610 1585
f 1583 10 9
f 1582 1608 1583
f 1581 1607 1582
f 1580 1606 1581
f 1579 1605 1580
f 1578 1604 1579
f 1577 1603 1578
f 1576 1602 1577
f 1575 1601 1576
f 1574 1600 1575
f 1573 1599 1574
f 1572 1598 1573
f 1571 1597 1572
f 1570 1596 1571
f 1569 1595 1570
f 1568 1594 1569
f 1567 1593 1568
f 1566 1592 1567
f 1565 1591 1566
f 1564 1590 1565
f 1563 1589 1564
f 1562 1588 1563
f 1561 1587 1562
f 1560 1586 1561
f 1559 1585 1560
f 1483 9 3
f 1482 1583 1483
f 1481 1582 1482
f 1480 1581 1481
f 1479 1580 1480
f 1478 1579 1479
f 1477 1578 1478
f 1476 1577 1477
f 1475 1576 1476
f 1474 1575 1475
f 1473 1574 1474
f 1472 1573 1473
f 1471 1572 1472
f 1470 1571 1471
f 1469 1570 1470
f 1468 1569 1469
f 1467 1568 1468
f 1466 1567 1467
f 1465 1566 1466
f 1464 1565 1465
f 1463 1564 1464
f 1462 1563 1463
f 1461 1562 1462
f 1460 1561 1461
f 1459 1560 1460
f 33 1509 1
f 2183 1510 1509
f 2182 1511 1510
f 2181 1512 1511
f 2180 1513 1512
f 2179 1514 1513
f 2178 1515 1514
f 2177 1516 1515
f 2176 1517 1516
f 2175 1518 1517
f 2174 1519 1518
f 2173 1520 1519
f 2172 1521 1520
f 2171 1522 1521
f 2170 1523 1522
f 2169 1524 1523
f 2168 1525 1524
f 2167 1526 1525
f 2166 1527 1526
f 2165 1528 1527
f 2164 1529 1528
f 2163 1530 1529
f 2162 1531 1530
f 2161 1532 1531
f 2160 1533 1532
f 6 2784 184
f 1534 2785 2784
f 1535 2786 2785
f 1536 2787 2786
f 1537 2788 2787
f 1538 2789 2788
f 1539 2790 2789
f 1540 2791 2790
f 1541 2792 2791
f 1542 2793 2792
f 1543 2794 2793
f 1544 2795 2794
f 1545 2796 2795
f 1546 2797 2796
f 1547 2798 2797
f 1548 2799 2798
f 1549 2800 2799
f 1550 2801 2800
f 1551 2802 2801
f 1552 2803 2802
f 1553 2804 2803
f 1554 2805 2804
f 1555 2806 2805
f 1556 2807 2806
f 2807 1558 2808
f 4 3409 134
f 1484 3410 3409
f 1485 3411 3410
f 1486 3412 3411
f 1487 3413 3412
f 1488 3414 3413
f 1489 3415 3414
f 1490 3416 3415
f 1491 3417 3416
f 1492 3418 3417
f 1493 3419 3418
f 1494 3420 3419
f 1495 3421 3420
f 1496 3422 3421
f 1497 3423 3422
f 1498 3424 3423
f 1499 3425 3424
f 1500 3426 3425
f 1501 3427 3426
f 1502 3428 3427
f 1503 3429 3428
f 1504 3430 3429
f 1505 3431 3430
f 1506 3432 3431
f 1507 3433 3432
f 58 4 134
f 1508 8 159
f 108 6 184
f 1558 2 133
f 2159 59 5
f 7 83 1559
f 83 82 1584
f 82 81 1609
f 81 80 1634
f 80 79 1659
f 79 78 1684
f 78 77 1709
f 77 76 1734
f 76 75 1759
f 75 74 1784
f 74 73 1809
f 73 72 1834
f 72 71 1859
f 71 70 1884
f 70 69 1909
f 69 68 1934
f 68 67 1959
f 67 66 1984
f 66 65 2009
f 65 64 2034
f 64 63 2059
f 63 62 2084
f 62 61 2109
f 61 60 2134
f 60 59 2159
f 8 84 209
f 84 85 234
f 85 86 259
f 86 87 284
f 87 88 309
f 88 89 334
f 89 90 359
f 90 91 384
f 91 92 409
f 92 93 434
f 93 94 459
f 94 95 484
f 95 96 509
f 96 97 534
f 97 98 559
f 98 99 584
f 99 100 609
f 100 101 634
f 101 102 659
f 102 103 684
f 103 104 709
f 104 105 734
f 105 106 759
f 106 107 784
f 107 108 809
f 2 34 834
f 34 35 859
f 35 36 884
f 36 37 909
f 37 38 934
f 38 39 959
f 39 40 984
f 40 41 1009
f 41 42 1034
f 42 43 1059
f 43 44 1084
f 44 45 1109
f 45 46 1134
f 46 47 1159
f 47 48 1184
f 48 49 1209
f 49 50 1234
f 50 51 1259
f 51 52 1284
f 52 53 1309
f 53 54 1334
f 54 55 1359
f 55 56 1384
f 56 57 1409
f 57 58 1434
f 10 1433 1458
f 1433 1432 1457
f 1431 1456 1457
f 1430 1455 1456
f 1429 1454 1455
f 1428 1453 1454
f 1427 1452 1453
f 1426 1451 1452
f 1425 1450 1451
f 1424 1449 1450
f 1423 1448 1449
f 1422 1447 1448
f 1421 1446 1447
f 1420 1445 1446
f 1419 1444 1445
f 1418 1443 1444
f 1417 1442 1443
f 1416 1441 1442
f 1415 1440 1441
f 1414 1439 1440
f 1413 1438 1439
f 1412 1437 1438
f 1411 1436 1437
f 1410 1435 1436
f 1409 1434 1435
f 11 1408 1433
f 1408 1407 1432
f 1406 1431 1432
f 1405 1430 1431
f 1404 1429 1430
f 1403 1428 1429
f 1402 1427 1428
f 1401 1426 1427
f 1400 1425 1426
f 1399 1424 1425
f 1398 1423 1424
f 1397 1422 1423
f 1396 1421 1422
f 1395 1420 1421
f 1394 1419 1420
f 1393 1418 1419
f 1392 1417 1418
f 1391 1416 1417
f 1390 1415 1416
f 1389 1414 1415
f 1388 1413 1414
f 1387 1412 1413
f 1386 1411 1412
f 1385 1410 1411
f 1384 1409 1410
f 12 1383 1408
f 1383 1382 1407
f 1381 1406 1407
f 1380 1405 1406
f 1379 1404 1405
f 1378 1403 1404
f 1377 1402 1403
f 1376 1401 1402
f 1375 1400 1401
f 1374 1399 1400
f 1373 1398 1399
f 1372 1397 1398
f 1371 1396 1397
f 1370 1395 1396
f 1369 1394 1395
f 1368 1393 1394
f 1367 1392 1393
f 1366 1391 1392
f 1365 1390 1391
f 1364 1389 1390
f 1363 1388 1389
f 1362 1387 1388
f 1361 1386 1387
f 1360 1385 1386
f 1359 1384 1385
f 13 1358 1383
f 1358 1357 1382
f 1356 1381 1382
f 1355 1380 1381
f 1354 1379 1380
f 1353 1378 1379
f 1352 1377 1378
f 1351 1376 1377
f 1350 1375 1376
f 1349 1374 1375
f 1348 1373 1374
f 1347 1372 1373
f 1346 1371 1372
f 1345 1370 1371
f 1344 1369 1370
f 1343 1368 1369
f 1342 1367 1368
f 1341 1366 1367
f 1340 1365 1366
f 1339 1364 1365
f 1338 1363 1364
f 1337 1362 1363
f 1336 1361 1362
f 1335 1360 1361
f 1334 1359 1360
f 14 1333 1358
f 1333 1332 1357
f 1331 1356 1357
f 1330 1355 1356
f 1329 1354 1355
f 1328 1353 1354
f 1327 1352 1353
f 1326 1351 1352
f 1325 1350 1351
f 1324 1349 1350
f 1323 1348 1349
f 1322 1347 1348
f 1321 1346 1347
f 1320 1345 1346
f 1319 1344 1345
f 1318 1343 1344
f 1317 1342 1343
f 1316 1341 1342
f 1315 1340 1341
f 1314 1339 1340
f 1313 1338 1339
f 1312 1337 1338
f 1311 1336 1337
f 1310 1335 1336
f 1309 1334 1335
f 1308 1333 14
f 1308 1307 1332
f 1307 1306 1331
f 1305 1330 1331
f 1304 1329 1330
f 1303 1328 1329
f 1302 1327 1328
f 1301 1326 1327
f 1300 1325 1326
f 1299 1324 1325
f 1298 1323 1324
f 1297 1322 1323
f 1296 1321 1322
f 1295 1320 1321
f 1294 1319 1320
f 1293 1318 1319
f 1292 1317 1318
f 1291 1316 1317
f 1290 1315 1316
f 1289 1314 1315
f 1288 1313 1314
f 1287 1312 1313
f 1286 1311 1312
f 1285 1310 1311
f 1284 1309 1310
f 1283 1308 15
f 1283 1282 1307
f 1282 1281 1306
f 1280 1305 1306
f 1279 1304 1305
f 1278 1303 1304
f 1277 1302 1303
f 1276 1301 1302
f 1275 1300 1301
f 1274 1299 1300
f 1273 1298 1299
f 1272 1297 1298
f 1271 1296 1297
f 1270 1295 1296
f 1269 1294 1295
f 1268 1293 1294
f 1267 1292 1293
f 1266 1291 1292
f 1265 1290 1291
f 1264 1289 1290
f 1263 1288 1289
f 1262 1287 1288
f 1261 1286 1287
f 1260 1285 1286
f 1259 1284 1285
f 1258 1283 16
f 1258 1257 1282
f 1257 1256 1281
f 1255 1280 1281
f 1254 1279 1280
f 1253 1278 1279
f 1252 1277 1278
f 1251 1276 1277
f 1250 1275 1276
f 1249 1274 1275
f 1248 1273 1274
f 1247 1272 1273
f 1246 1271 1272
f 1245 1270 1271
f 1244 1269 1270
f 1243 1268 1269
f 1242 1267 1268
f 1241 1266 1267
f 1240 1265 1266
f 1239 1264 1265
f 1238 1263 1264
f 1237 1262 1263
f 1236 1261 1262
f 1235 1260 1261
f 1234 1259 1260
f 1233 1258 17
f 1233 1232 1257
f 1232 1231 1256
f 1230 1255 1256
f 1229 1254 1255
f 1229 1228 1253
f 1228 1227 1252
f 1226 1251 1252
f 1225 1250 1251
f 1224 1249 1250
f 1223 1248 1249
f 1222 1247 1248
f 1221 1246 1247
f 1220 1245 1246
f 1219 1244 1245
f 1218 1243 1244
f 1217 1242 1243
f 1216 1241 1242
f 1215 1240 1241
f 1214 1239 1240
f 1213 1238 1239
f 1212 1237 1238
f 1211 1236 1237
f 1210 1235 1236
f 1209 1234 1235
f 1208 1233 18
f 1208 1207 1232
f 1207 1206 1231
f 1205 1230 1231
f 1204 1229 1230
f 1204 1203 1228
f 1203 1202 1227
f 1201 1226 1227
f 1200 1225 1226
f 1200 1199 1224
f 1198 1223 1224
f 1197 1222 1223
f 1196 1221 1222
f 1195 1220 1221
f 1194 1219 1220
f 1193 1218 1219
f 1192 1217 1218
f 1191 1216 1217
f 1190 1215 1216
f 1189 1214 1215
f 1188 1213 1214
f 1187 1212 1213
f 1186 1211 1212
f 1185 1210 1211
f 1184 1209 1210
f 1183 1208 19
f 1183 1182 1207
f 1182 1181 1206
f 1180 1205 1206
f 1179 1204 1205
f 1179 1178 1203
f 1178 1177 1202
f 1176 1201 1202
f 1175 1200 1201
f 1175 1174 1199
f 1174 1173 1198
f 1172 1197 1198
f 1171 1196 1197
f 1171 1170 1195
f 1169 1194 1195
f 1168 1193 1194
f 1167 1192 1193
f 1167 1166 1191
f 1165 1190 1191
f 1164 1189 1190
f 1163 1188 1189
f 1162 1187 1188
f 1161 1186 1187
f 1160 1185 1186
f 1159 1184 1185
f 1158 1183 20
f 1158 1157 1182
f 1156 1181 1182
f 1155 1180 1181
f 1154 1179 1180
f 1153 1178 1179
f 1153 1152 1177
f 1151 1176 1177
f 1151 1150 1175
f 1150 1149 1174
f 1148 1173 1174
f 1148 1147 1172
f 1146 1171 1172
f 1145 1170 1171
f 1145 1144 1169
f 1143 1168 1169
f 1142 1167 1168
f 1142 1141 1166
f 1140 1165 1166
f 1139 1164 1165
f 1138 1163 1164
f 1138 1137 1162
f 1136 1161 1162
f 1135 1160 1161
f 1135 1134 1159
f 1133 1158 21
f 1132 1157 1158
f 1131 1156 1157
f 1130 1155 1156
f 1130 1129 1154
f 1128 1153 1154
f 1127 1152 1153
f 1127 1126 1151
f 1126 1125 1150
f 1124 1149 1150
f 1123 1148 1149
f 1123 1122 1147
f 1121 1146 1147
f 1120 1145 1146
f 1120 1119 1144
f 1119 1118 1143
f 1118 1117 1142
f 1117 1116 1141
f 1115 1140 1141
f 1114 1139 1140
f 1113 1138 1139
f 1113 1112 1137
f 1111 1136 1137
f 1110 1135 1136
f 1110 1109 1134
f 23 1108 1133
f 1107 1132 1133
f 1106 1131 1132
f 1106 1105 1130
f 1105 1104 1129
f 1103 1128 1129
f 1102 1127 1128
f 1102 1101 1126
f 1101 1100 1125
f 1099 1124 1125
f 1098 1123 1124
f 1098 1097 1122
f 1097 1096 1121
f 1095 1120 1121
f 1094 1119 1120
f 1094 1093 1118
f 1093 1092 1117
f 1091 1116 1117
f 1090 1115 1116
f 1089 1114 1115
f 1088 1113 1114
f 1087 1112 1113
f 1086 1111 1112
f 1085 1110 1111
f 1084 1109 1110
f 24 1083 1108
f 1083 1082 1107
f 1082 1081 1106
f 1081 1080 1105
f 1080 1079 1104
f 1079 1078 1103
f 1078 1077 1102
f 1077 1076 1101
f 1076 1075 1100
f 1074 1099 1100
f 1073 1098 1099
f 1072 1097 1098
f 1071 1096 1097
f 1070 1095 1096
f 1069 1094 1095
f 1068 1093 1094
f 1067 1092 1093
f 1066 1091 1092
f 1065 1090 1091
f 1064 1089 1090
f 1063 1088 1089
f 1062 1087 1088
f 1061 1086 1087
f 1060 1085 1086
f 1059 1084 1085
f 1058 1083 24
f 1058 1057 1082
f 1057 1056 1081
f 1055 1080 1081
f 1054 1079 1080
f 1054 1053 1078
f 1053 1052 1077
f 1051 1076 1077
f 1050 1075 1076
f 1049 1074 1075
f 1048 1073 1074
f 1047 1072 1073
f 1046 1071 1072
f 1045 1070 1071
f 1044 1069 1070
f 1043 1068 1069
f 1042 1067 1068
f 1041 1066 1067
f 1040 1065 1066
f 1039 1064 1065
f 1038 1063 1064
f 1037 1062 1063
f 1036 1061 1062
f 1035 1060 1061
f 1034 1059 1060
f 1033 1058 25
f 1033 1032 1057
f 1032 1031 1056
f 1030 1055 1056
f 1029 1054 1055
f 1028 1053 1054
f 1027 1052 1053
f 1026 1051 1052
f 1025 1050 1051
f 1024 1049 1050
f 1023 1048 1049
f 1022 1047 1048
f 1021 1046 1047
f 1020 1045 1046
f 1019 1044 1045
f 1018 1043 1044
f 1017 1042 1043
f 1016 1041 1042
f 1015 1040 1041
f 1014 1039 1040
f 1013 1038 1039
f 1012 1037 1038
f 1011 1036 1037
f 1010 1035 1036
f 1009 1034 1035
f 1008 1033 26
f 1008 1007 1032
f 1007 1006 1031
f 1005 1030 1031
f 1004 1029 1030
f 1003 1028 1029
f 1002 1027 1028
f 1001 1026 1027
f 1000 1025 1026
f 999 1024 1025
f 998 1023 1024
f 997 1022 1023
f 996 1021 1022
f 995 1020 1021
f 994 1019 1020
f 993 1018 1019
f 992 1017 1018
f 991 1016 1017
f 990 1015 1016
f 989 1014 1015
f 988 1013 1014
f 987 1012 1013
f 986 1011 1012
f 985 1010 1011
f 984 1009 1010
f 28 983 1008
f 983 982 1007
f 982 981 1006
f 980 1005 1006
f 979 1004 1005
f 978 1003 1004
f 977 1002 1003
f 976 1001 1002
f 975 1000 1001
f 974 999 1000
f 973 998 999
f 972 997 998
f 971 996 997
f 970 995 996
f 969 994 995
f 968 993 994
f 967 992 993
f 966 991 992
f 965 990 991
f 964 989 990
f 963 988 989
f 962 987 988
f 961 986 987
f 960 985 986
f 959 984 985
f 29 958 983
f 958 957 982
f 956 981 982
f 955 980 981
f 954 979 980
f 953 978 979
f 952 977 978
f 951 976 977
f 950 975 976
f 949 974 975
f 948 973 974
f 947 972 973
f 946 971 972
f 945 970 971
f 944 969 970
f 943 968 969
f 942 967 968
f 941 966 967
f 940 965 966
f 939 964 965
f 938 963 964
f 937 962 963
f 936 961 962
f 935 960 961
f 934 959 960
f 30 933 958
f 933 932 957
f 931 956 957
f 930 955 956
f 929 954 955
f 928 953 954
f 927 952 953
f 926 951 952
f 925 950 951
f 924 949 950
f 923 948 949
f 922 947 948
f 921 946 947
f 920 945 946
f 919 944 945
f 918 943 944
f 917 942 943
f 916 941 942
f 915 940 941
f 914 939 940
f 913 938 939
f 912 937 938
f 911 936 937
f 910 935 936
f 909 934 935
f 31 908 933
f 908 907 932
f 906 931 932
f 905 930 931
f 904 929 930
f 903 928 929
f 902 927 928
f 901 926 927
f 900 925 926
f 899 924 925
f 898 923 924
f 897 922 923
f 896 921 922
f 895 920 921
f 894 919 920
f 893 918 919
f 892 917 918
f 891 916 917
f 890 915 916
f 889 914 915
f 888 913 914
f 887 912 913
f 886 911 912
f 885 910 911
f 884 909 910
f 32 883 908
f 883 882 907
f 881 906 907
f 880 905 906
f 879 904 905
f 878 903 904
f 877 902 903
f 876 901 902
f 875 900 901
f 874 899 900
f 873 898 899
f 872 897 898
f 871 896 897
f 870 895 896
f 869 894 895
f 868 893 894
f 867 892 893
f 866 891 892
f 865 890 891
f 864 889 890
f 863 888 889
f 862 887 888
f 861 886 887
f 860 885 886
f 859 884 885
f 33 858 883
f 858 857 882
f 856 881 882
f 855 880 881
f 854 879 880
f 853 878 879
f 852 877 878
f 851 876 877
f 850 875 876
f 849 874 875
f 848 873 874
f 847 872 873
f 846 871 872
f 845 870 871
f 844 869 870
f 843 868 869
f 842 867 868
f 841 866 867
f 840 865 866
f 839 864 865
f 838 863 864
f 837 862 863
f 836 861 862
f 835 860 861
f 834 859 860
f 109 858 33
f 110 857 858
f 111 856 857
f 112 855 856
f 113 854 855
f 114 853 854
f 115 852 853
f 116 851 852
f 117 850 851
f 118 849 850
f 119 848 849
f 120 847 848
f 121 846 847
f 122 845 846
f 123 844 845
f 124 843 844
f 125 842 843
f 126 841 842
f 127 840 841
f 128 839 840
f 129 838 839
f 130 837 838
f 131 836 837
f 132 835 836
f 133 834 835
f 60 808 833
f 808 807 832
f 806 831 832
f 805 830 831
f 804 829 830
f 803 828 829
f 802 827 828
f 801 826 827
f 800 825 826
f 799 824 825
f 798 823 824
f 797 822 823
f 796 821 822
f 795 820 821
f 794 819 820
f 793 818 819
f 792 817 818
f 791 816 817
f 790 815 816
f 789 814 815
f 788 813 814
f 787 812 813
f 786 811 812
f 785 810 811
f 784 809 810
f 61 783 808
f 783 782 807
f 781 806 807
f 780 805 806
f 779 804 805
f 778 803 804
f 777 802 803
f 776 801 802
f 775 800 801
f 774 799 800
f 773 798 799
f 772 797 798
f 771 796 797
f 770 795 796
f 769 794 795
f 768 793 794
f 767 792 793
f 766 791 792
f 765 790 791
f 764 789 790
f 763 788 789
f 762 787 788
f 761 786 787
f 760 785 786
f 759 784 785
f 62 758 783
f 758 757 782
f 756 781 782
f 755 780 781
f 754 779 780
f 753 778 779
f 752 777 778
f 751 776 777
f 750 775 776
f 749 774 775
f 748 773 774
f 747 772 773
f 746 771 772
f 745 770 771
f 744 769 770
f 743 768 769
f 742 767 768
f 741 766 767
f 740 765 766
f 739 764 765
f 738 763 764
f 737 762 763
f 736 761 762
f 735 760 761
f 734 759 760
f 63 733 758
f 733 732 757
f 731 756 757
f 730 755 756
f 729 754 755
f 728 753 754
f 727 752 753
f 726 751 752
f 725 750 751
f 724 749 750
f 723 748 749
f 722 747 748
f 721 746 747
f 720 745 746
f 719 744 745
f 718 743 744
f 717 742 743
f 716 741 742
f 715 740 741
f 714 739 740
f 713 738 739
f 712 737 738
f 711 736 737
f 710 735 736
f 709 734 735
f 64 708 733
f 708 707 732
f 706 731 732
f 705 730 731
f 704 729 730
f 703 728 729
f 702 727 728
f 701 726 727
f 700 725 726
f 699 724 725
f 698 723 724
f 697 722 723
f 696 721 722
f 695 720 721
f 694 719 720
f 693 718 719
f 692 717 718
f 691 716 717
f 690 715 716
f 689 714 715
f 688 713 714
f 687 712 713
f 686 711 712
f 685 710 711
f 684 709 710
f 683 708 64
f 683 682 707
f 682 681 706
f 680 705 706
f 679 704 705
f 678 703 704
f 677 702 703
f 676 701 702
f 675 700 701
f 674 699 700
f 673 698 699
f 672 697 698
f 671 696 697
f 670 695 696
f 669 694 695
f 668 693 694
f 667 692 693
f 666 691 692
f 665 690 691
f 664 689 690
f 663 688 689
f 662 687 688
f 661 686 687
f 660 685 686
f 659 684 685
f 658 683 65
f 658 657 682
f 657 656 681
f 655 680 681
f 654 679 680
f 653 678 679
f 652 677 678
f 651 676 677
f 650 675 676
f 649 674 675
f 648 673 674
f 647 672 673
f 646 671 672
f 645 670 671
f 644 669 670
f 643 668 669
f 642 667 668
f 641 666 667
f 640 665 666
f 639 664 665
f 638 663 664
f 637 662 663
f 636 661 662
f 635 660 661
f 634 659 660
f 633 658 66
f 633 632 657
f 632 631 656
f 630 655 656
f 629 654 655
f 628 653 654
f 627 652 653
f 626 651 652
f 625 650 651
f 624 649 650
f 623 648 649
f 622 647 648
f 621 646 647
f 620 645 646
f 619 644 645
f 618 643 644
f 617 642 643
f 616 641 642
f 615 640 641
f 614 639 640
f 613 638 639
f 612 637 638
f 611 636 637
f 610 635 636
f 609 634 635
f 608 633 67
f 608 607 632
f 607 606 631
f 605 630 631
f 604 629 630
f 604 603 628
f 603 602 627
f 601 626 627
f 600 625 626
f 599 624 625
f 598 623 624
f 597 622 623
f 596 621 622
f 595 620 621
f 594 619 620
f 593 618 619
f 592 617 618
f 591 616 617
f 590 615 616
f 589 614 615
f 588 613 614
f 587 612 613
f 586 611 612
f 585 610 611
f 584 609 610
f 583 608 68
f 583 582 607
f 582 581 606
f 580 605 606
f 579 604 605
f 579 578 603
f 578 577 602
f 576 601 602
f 575 600 601
f 575 574 599
f 573 598 599
f 572 597 598
f 571 596 597
f 570 595 596
f 569 594 595
f 568 593 594
f 567 592 593
f 566 591 592
f 565 590 591
f 564 589 590
f 563 588 589
f 562 587 588
f 561 586 587
f 560 585 586
f 559 584 585
f 558 583 69
f 558 557 582
f 557 556 581
f 555 580 581
f 554 579 580
f 554 553 578
f 553 552 577
f 551 576 577
f 550 575 576
f 550 549 574
f 549 548 573
f 547 572 573
f 546 571 572
f 546 545 570
f 544 569 570
f 543 568 569
f 542 567 568
f 542 541 566
f 540 565 566
f 539 564 565
f 538 563 564
f 537 562 563
f 536 561 562
f 535 560 561
f 534 559 560
f 533 558 70
f 533 532 557
f 531 556 557
f 530 555 556
f 529 554 555
f 528 553 554
f 528 527 552
f 526 551 552
f 526 525 550
f 525 524 549
f 523 548 549
f 523 522 547
f 521 546 547
f 520 545 546
f 520 519 544
f 518 543 544
f 517 542 543
f 517 516 541
f 515 540 541
f 514 539 540
f 513 538 539
f 513 512 537
f 511 536 537
f 510 535 536
f 510 509 534
f 508 533 71
f 507 532 533
f 506 531 532
f 505 530 531
f 505 504 529
f 503 528 529
f 502 527 528
f 502 501 526
f 501 500 525
f 499 524 525
f 498 523 524
f 498 497 522
f 496 521 522
f 495 520 521
f 495 494 519
f 494 493 518
f 493 492 517
f 492 491 516
f 490 515 516
f 489 514 515
f 488 513 514
f 488 487 512
f 486 511 512
f 485 510 511
f 485 484 509
f 73 483 508
f 482 507 508
f 481 506 507
f 481 480 505
f 480 479 504
f 478 503 504
f 477 502 503
f 477 476 501
f 476 475 500
f 474 499 500
f 473 498 499
f 473 472 497
f 472 471 496
f 470 495 496
f 469 494 495
f 469 468 493
f 468 467 492
f 466 491 492
f 465 490 491
f 464 489 490
f 463 488 489
f 462 487 488
f 461 486 487
f 460 485 486
f 459 484 485
f 74 458 483
f 458 457 482
f 457 456 481
f 456 455 480
f 455 454 479
f 454 453 478
f 453 452 477
f 452 451 476
f 451 450 475
f 449 474 475
f 448 473 474
f 447 472 473
f 446 471 472
f 445 470 471
f 444 469 470
f 443 468 469
f 442 467 468
f 441 466 467
f 440 465 466
f 439 464 465
f 438 463 464
f 437 462 463
f 436 461 462
f 435 460 461
f 434 459 460
f 433 458 74
f 433 432 457
f 432 431 456
f 430 455 456
f 429 454 455
f 429 428 453
f 428 427 452
f 426 451 452
f 425 450 451
f 424 449 450
f 423 448 449
f 422 447 448
f 421 446 447
f 420 445 446
f 419 444 445
f 418 443 444
f 417 442 443
f 416 441 442
f 415 440 441
f 414 439 440
f 413 438 439
f 412 437 438
f 411 436 437
f 410 435 436
f 409 434 435
f 408 433 75
f 408 407 432
f 407 406 431
f 405 430 431
f 404 429 430
f 403 428 429
f 402 427 428
f 401 426 427
f 400 425 426
f 399 424 425
f 398 423 424
f 397 422 423
f 396 421 422
f 395 420 421
f 394 419 420
f 393 418 419
f 392 417 418
f 391 416 417
f 390 415 416
f 389 414 415
f 388 413 414
f 387 412 413
f 386 411 412
f 385 410 411
f 384 409 410
f 383 408 76
f 383 382 407
f 382 381 406
f 380 405 406
f 379 404 405
f 378 403 404
f 377 402 403
f 376 401 402
f 375 400 401
f 374 399 400
f 373 398 399
f 372 397 398
f 371 396 397
f 370 395 396
f 369 394 395
f 368 393 394
f 367 392 393
f 366 391 392
f 365 390 391
f 364 389 390
f 363 388 389
f 362 387 388
f 361 386 387
f 360 385 386
f 359 384 385
f 78 358 383
f 358 357 382
f 357 356 381
f 355 380 381
f 354 379 380
f 353 378 379
f 352 377 378
f 351 376 377
f 350 375 376
f 349 374 375
f 348 373 374
f 347 372 373
f 346 371 372
f 345 370 371
f 344 369 370
f 343 368 369
f 342 367 368
f 341 366 367
f 340 365 366
f 339 364 365
f 338 363 364
f 337 362 363
f 336 361 362
f 335 360 361
f 334 359 360
f 79 333 358
f 333 332 357
f 331 356 357
f 330 355 356
f 329 354 355
f 328 353 354
f 327 352 353
f 326 351 352
f 325 350 351
f 324 349 350
f 323 348 349
f 322 347 348
f 321 346 347
f 320 345 346
f 319 344 345
f 318 343 344
f 317 342 343
f 316 341 342
f 315 340 341
f 314 339 340
f 313 338 339
f 312 337 338
f 311 336 337
f 310 335 336
f 309 334 335
f 80 308 333
f 308 307 332
f 306 331 332
f 305 330 331
f 304 329 330
f 303 328 329
f 302 327 328
f 301 326 327
f 300 325 326
f 299 324 325
f 298 323 324
f 297 322 323
f 296 321 322
f 295 320 321
f 294 319 320
f 293 318 319
f 292 317 318
f 291 316 317
f 290 315 316
f 289 314 315
f 288 313 314
f 287 312 313
f 286 311 312
f 285 310 311
f 284 309 310
f 81 283 308
f 283 282 307
f 281 306 307
f 280 305 306
f 279 304 305
f 278 303 304
f 277 302 303
f 276 301 302
f 275 300 301
f 274 299 300
f 273 298 299
f 272 297 298
f 271 296 297
f 270 295 296
f 269 294 295
f 268 293 294
f 267 292 293
f 266 291 292
f 265 290 291
f 264 289 290
f 263 288 289
f 262 287 288
f 261 286 287
f 260 285 286
f 259 284 285
f 82 258 283
f 258 257 282
f 256 281 282
f 255 280 281
f 254 279 280
f 253 278 279
f 252 277 278
f 251 276 277
f 250 275 276
f 249 274 275
f 248 273 274
f 247 272 273
f 246 271 272
f 245 270 271
f 244 269 270
f 243 268 269
f 242 267 268
f 241 266 267
f 240 265 266
f 239 264 265
f 238 263 264
f 237 262 263
f 236 261 262
f 235 260 261
f 234 259 260
f 83 233 258
f 233 232 257
f 231 256 257
f 230 255 256
f 229 254 255
f 228 253 254
f 227 252 253
f 226 251 252
f 225 250 251
f 224 249 250
f 223 248 249
f 222 247 248
f 221 246 247
f 220 245 246
f 219 244 245
f 218 243 244
f 217 242 243
f 216 241 242
f 215 240 241
f 214 239 240
f 213 238 239
f 212 237 238
f 211 236 237
f 210 235 236
f 209 234 235
f 183 233 83
f 183 182 232
f 181 231 232
f 180 230 231
f 179 229 230
f 178 228 229
f 177 227 228
f 176 226 227
f 175 225 226
f 174 224 225
f 173 223 224
f 172 222 223
f 171 221 222
f 170 220 221
f 169 219 220
f 168 218 219
f 167 217 218
f 166 216 217
f 165 215 216
f 164 214 215
f 163 213 214
f 162 212 213
f 161 211 212
f 160 210 211
f 159 209 210
f 1509 2208 109
f 2208 2233 110
f 2233 2258 111
f 2258 2283 112
f 2283 2308 113
f 2308 2333 114
f 2358 115 114
f 2383 116 115
f 2408 117 116
f 2433 118 117
f 2458 119 118
f 2483 120 119
f 2508 121 120
f 2533 122 121
f 2533 2558 123
f 2558 2583 124
f 2608 125 124
f 2633 126 125
f 2658 127 126
f 2658 2683 128
f 2683 2708 129
f 2708 2733 130
f 2733 2758 131
f 2758 2783 132
f 2783 2808 133
f 59 833 208
f 832 207 208
f 831 206 207
f 830 205 206
f 829 204 205
f 828 203 204
f 827 202 203
f 826 201 202
f 825 200 201
f 824 199 200
f 823 198 199
f 822 197 198
f 821 196 197
f 820 195 196
f 819 194 195
f 818 193 194
f 817 192 193
f 816 191 192
f 815 190 191
f 814 189 190
f 813 188 189
f 812 187 188
f 811 186 187
f 810 185 186
f 809 184 185
f 1459 2833 183
f 2858 182 183
f 2883 181 182
f 2908 180 181
f 2933 179 180
f 2958 178 179
f 2983 177 178
f 3008 176 177
f 3033 175 176
f 3058 174 175
f 3083 173 174
f 3108 172 173
f 3133 171 172
f 3158 170 171
f 3183 169 170
f 3208 168 169
f 3233 167 168
f 3258 166 167
f 3283 165 166
f 3308 164 165
f 3333 163 164
f 3358 162 163
f 3383 161 162
f 3408 160 161
f 3433 159 160
f 9 1458 158
f 1457 157 158
f 1456 156 157
f 1455 155 156
f 1454 154 155
f 1453 153 154
f 1452 152 153
f 1451 151 152
f 1450 150 151
f 1449 149 150
f 1448 148 149
f 1447 147 148
f 1446 146 147
f 1445 145 146
f 1444 144 145
f 1443 143 144
f 1442 142 143
f 1441 141 142
f 1440 140 141
f 1439 139 140
f 1438 138 139
f 1437 137 138
f 1436 136 137
f 1435 135 136
f 1434 134 135
f 134 3409 3384
f 3409 3410 3385
f 3410 3411 3386
f 3411 3412 3387
f 3412 3413 3388
f 3413 3414 3389
f 3414 3415 3390
f 3415 3416 3391
f 3416 3417 3392
f 3417 3418 3393
f 3418 3419 3394
f 3419 3420 3395
f 3420 3421 3396
f 3421 3422 3397
f 3422 3423 3398
f 3423 3424 3399
f 3424 3425 3400
f 3425 3426 3401
f 3426 3427 3402
f 3427 3428 3403
f 3428 3429 3404
f 3429 3430 3405
f 3430 3431 3406
f 3431 3432 3407
f 3432 3433 3408
f 135 3384 3359
f 3384 3385 3360
f 3385 3386 3361
f 3386 3387 3362
f 3387 3388 3363
f 3388 3389 3364
f 3389 3390 3365
f 3390 3391 3366
f 3391 3392 3367
f 3392 3393 3368
f 3393 3394 3369
f 3394 3395 3370
f 3395 3396 3371
f 3396 3397 3372
f 3397 3398 3373
f 3398 3399 3374
f 3399 3400 3375
f 3400 3401 3376
f 3401 3402 3377
f 3402 3403 3378
f 3403 3404 3379
f 3404 3405 3380
f 3405 3406 3381
f 3406 3407 3382
f 3407 3408 3383
f 136 3359 3334
f 3359 3360 3335
f 3360 3361 3336
f 3361 3362 3337
f 3362 3363 3338
f 3363 3364 3339
f 3364 3365 3340
f 3365 3366 3341
f 3366 3367 3342
f 3367 3368 3343
f 3368 3369 3344
f 3369 3370 3345
f 3370 3371 3346
f 3371 3372 3347
f 3372 3373 3348
f 3373 3374 3349
f 3374 3375 3350
f 3375 3376 3351
f 3376 3377 3352
f 3377 3378 3353
f 3378 3379 3354
f 3379 3380 3355
f 3380 3381 3356
f 3381 3382 3357
f 3382 3383 3358
f 137 3334 3309
f 3334 3335 3310
f 3335 3336 3311
f 3336 3337 3312
f 3337 3338 3313
f 3338 3339 3314
f 3339 3340 3315
f 3340 3341 3316
f 3341 3342 3317
f 3342 3343 3318
f 3343 3344 3319
f 3344 3345 3320
f 3345 3346 3321
f 3346 3347 3322
f 3347 3348 3323
f 3348 3349 3324
f 3349 3350 3325
f 3350 3351 3326
f 3351 3352 3327
f 3352 3353 3328
f 3353 3354 3329
f 3354 3355 3330
f 3355 3356 3331
f 3356 3357 3332
f 3357 3358 3333
f 138 3309 3284
f 3309 3310 3285
f 3310 3311 3286
f 3311 3312 3287
f 3312 3313 3288
f 3313 3314 3289
f 3314 3315 3290
f 3315 3316 3291
f 3316 3317 3292
f 3317 3318 3293
f 3318 3319 3294
f 3319 3320 3295
f 3320 3321 3296
f 3321 3322 3297
f 3322 3323 3298
f 3323 3324 3299
f 3324 3325 3300
f 3325 3326 3301
f 3326 3327 3302
f 3327 3328 3303
f 3328 3329 3304
f 3329 3330 3305
f 3330 3331 3306
f 3331 3332 3307
f 3332 3333 3308
f 139 3284 3259
f 3284 3285 3260
f 3285 3286 3261
f 3286 3287 3262
f 3287 3288 3263
f 3288 3289 3264
f 3289 3290 3265
f 3290 3291 3266
f 3291 3292 3267
f 3292 3293 3268
f 3293 3294 3269
f 3294 3295 3270
f 3295 3296 3271
f 3296 3297 3272
f 3297 3298 3273
f 3298 3299 3274
f 3299 3300 3275
f 3300 3301 3276
f 3301 3302 3277
f 3302 3303 3278
f 3303 3304 3279
f 3304 3305 3280
f 3305 3306 3281
f 3306 3307 3282
f 3307 3308 3283
f 140 3259 3234
f 3259 3260 3235
f 3260 3261 3236
f 3261 3262 3237
f 3262 3263 3238
f 3263 3264 3239
f 3264 3265 3240
f 3265 3266 3241
f 3266 3267 3242
f 3267 3268 3243
f 3268 3269 3244
f 3269 3270 3245
f 3270 3271 3246
f 3271 3272 3247
f 3272 3273 3248
f 3273 3274 3249
f 3274 3275 3250
f 3275 3276 3251
f 3276 3277 3252
f 3277 3278 3253
f 3278 3279 3254
f 3279 3280 3255
f 3280 3281 3256
f 3281 3282 3257
f 3282 3283 3258
f 141 3234 3209
f 3234 3235 3210
f 3235 3236 3211
f 3236 3237 3212
f 3237 3238 3213
f 3238 3239 3214
f 3239 3240 3215
f 3240 3241 3216
f 3241 3242 3217
f 3242 3243 3218
f 3243 3244 3219
f 3244 3245 3220
f 3245 3246 3221
f 3246 3247 3222
f 3247 3248 3223
f 3248 3249 3224
f 3249 3250 3225
f 3250 3251 3226
f 3251 3252 3227
f 3252 3253 3228
f 3253 3254 3229
f 3254 3255 3230
f 3255 3256 3231
f 3256 3257 3232
f 3257 3258 3233
f 142 3209 3184
f 3209 3210 3185
f 3210 3211 3186
f 3211 3212 3187
f 3212 3213 3188
f 3213 3214 3189
f 3214 3215 3190
f 3215 3216 3191
f 3216 3217 3192
f 3217 3218 3193
f 3218 3219 3194
f 3219 3220 3195
f 3220 3221 3196
f 3221 3222 3197
f 3222 3223 3198
f 3223 3224 3199
f 3224 3225 3200
f 3225 3226 3201
f 3226 3227 3202
f 3227 3228 3203
f 3228 3229 3204
f 3229 3230 3205
f 3230 3231 3206
f 3231 3232 3207
f 3232 3233 3208
f 143 3184 3159
f 3184 3185 3160
f 3185 3186 3161
f 3186 3187 3162
f 3187 3188 3163
f 3188 3189 3164
f 3189 3190 3165
f 3190 3191 3166
f 3191 3192 3167
f 3192 3193 3168
f 3193 3194 3169
f 3194 3195 3170
f 3195 3196 3171
f 3196 3197 3172
f 3197 3198 3173
f 3198 3199 3174
f 3199 3200 3175
f 3200 3201 3176
f 3201 3202 3177
f 3202 3203 3178
f 3203 3204 3179
f 3204 3205 3180
f 3205 3206 3181
f 3206 3207 3182
f 3207 3208 3183
f 144 3159 3134
f 3159 3160 3135
f 3160 3161 3136
f 3161 3162 3137
f 3162 3163 3138
f 3163 3164 3139
f 3164 3165 3140
f 3165 3166 3141
f 3166 3167 3142
f 3167 3168 3143
f 3168 3169 3144
f 3169 3170 3145
f 3170 3171 3146
f 3171 3172 3147
f 3172 3173 3148
f 3173 3174 3149
f 3174 3175 3150
f 3175 3176 3151
f 3176 3177 3152
f 3177 3178 3153
f 3178 3179 3154
f 3179 3180 3155
f 3180 3181 3156
f 3181 3182 3157
f 3182 3183 3158
f 145 3134 3109
f 3134 3135 3110
f 3135 3136 3111
f 3136 3137 3112
f 3137 3138 3113
f 3138 3139 3114
f 3139 3140 3115
f 3140 3141 3116
f 3141 3142 3117
f 3142 3143 3118
f 3143 3144 3119
f 3144 3145 3120
f 3145 3146 3121
f 3146 3147 3122
f 3147 3148 3123
f 3148 3149 3124
f 3149 3150 3125
f 3150 3151 3126
f 3151 3152 3127
f 3152 3153 3128
f 3153 3154 3129
f 3154 3155 3130
f 3155 3156 3131
f 3156 3157 3132
f 3157 3158 3133
f 146 3109 3084
f 3109 3110 3085
f 3110 3111 3086
f 3111 3112 3087
f 3112 3113 3088
f 3113 3114 3089
f 3114 3115 3090
f 3115 3116 3091
f 3116 3117 3092
f 3117 3118 3093
f 3118 3119 3094
f 3119 3120 3095
f 3120 3121 3096
f 3121 3122 3097
f 3122 3123 3098
f 3123 3124 3099
f 3124 3125 3100
f 3125 3126 3101
f 3126 3127 3102
f 3127 3128 3103
f 3128 3129 3104
f 3129 3130 3105
f 3130 3131 3106
f 3131 3132 3107
f 3132 3133 3108
f 147 3084 3059
f 3084 3085 3060
f 3085 3086 3061
f 3086 3087 3062
f 3087 3088 3063
f 3088 3089 3064
f 3089 3090 3065
f 3090 3091 3066
f 3091 3092 3067
f 3092 3093 3068
f 3093 3094 3069
f 3094 3095 3070
f 3095 3096 3071
f 3096 3097 3072
f 3097 3098 3073
f 3098 3099 3074
f 3099 3100 3075
f 3100 3101 3076
f 3101 3102 3077
f 3102 3103 3078
f 3103 3104 3079
f 3104 3105 3080
f 3105 3106 3081
f 3106 3107 3082
f 3107 3108 3083
f 148 3059 3034
f 3059 3060 3035
f 3060 3061 3036
f 3061 3062 3037
f 3062 3063 3038
f 3063 3064 3039
f 3064 3065 3040
f 3065 3066 3041
f 3066 3067 3042
f 3067 3068 3043
f 3068 3069 3044
f 3069 3070 3045
f 3070 3071 3046
f 3071 3072 3047
f 3072 3073 3048
f 3073 3074 3049
f 3074 3075 3050
f 3075 3076 3051
f 3076 3077 3052
f 3077 3078 3053
f 3078 3079 3054
f 3079 3080 3055
f 3080 3081 3056
f 3081 3082 3057
f 3082 3083 3058
f 149 3034 3009
f 3034 3035 3010
f 3035 3036 3011
f 3036 3037 3012
f 3037 3038 3013
f 3038 3039 3014
f 3039 3040 3015
f 3040 3041 3016
f 3041 3042 3017
f 3042 3043 3018
f 3043 3044 3019
f 3044 3045 3020
f 3045 3046 3021
f 3046 3047 3022
f 3047 3048 3023
f 3048 3049 3024
f 3049 3050 3025
f 3050 3051 3026
f 3051 3052 3027
f 3052 3053 3028
f 3053 3054 3029
f 3054 3055 3030
f 3055 3056 3031
f 3056 3057 3032
f 3057 3058 3033
f 150 3009 2984
f 3009 3010 2985
f 3010 3011 2986
f 3011 3012 2987
f 3012 3013 2988
f 3013 3014 2989
f 3014 3015 2990
f 3015 3016 2991
f 3016 3017 2992
f 3017 3018 2993
f 3018 3019 2994
f 3019 3020 2995
f 3020 3021 2996
f 3021 3022 2997
f 3022 3023 2998
f 3023 3024 2999
f 3024 3025 3000
f 3025 3026 3001
f 3026 3027 3002
f 3027 3028 3003
f 3028 3029 3004
f 3029 3030 3005
f 3030 3031 3006
f 3031 3032 3007
f 3032 3033 3008
f 151 2984 2959
f 2984 2985 2960
f 2985 2986 2961
f 2986 2987 2962
f 2987 2988 2963
f 2988 2989 2964
f 2989 2990 2965
f 2990 2991 2966
f 2991 2992 2967
f 2992 2993 2968
f 2993 2994 2969
f 2994 2995 2970
f 2995 2996 2971
f 2996 2997 2972
f 2997 2998 2973
f 2998 2999 2974
f 2999 3000 2975
f 3000 3001 2976
f 3001 3002 2977
f 3002 3003 2978
f 3003 3004 2979
f 3004 3005 2980
f 3005 3006 2981
f 3006 3007 2982
f 3007 3008 2983
f 152 2959 2934
f 2959 2960 2935
f 2960 2961 2936
f 2961 2962 2937
f 2962 2963 2938
f 2963 2964 2939
f 2964 2965 2940
f 2965 2966 2941
f 2966 2967 2942
f 2967 2968 2943
f 2968 2969 2944
f 2969 2970 2945
f 2970 2971 2946
f 2971 2972 2947
f 2972 2973 2948
f 2973 2974 2949
f 2974 2975 2950
f 2975 2976 2951
f 2976 2977 2952
f 2977 2978 2953
f 2978 2979 2954
f 2979 2980 2955
f 2980 2981 2956
f 2981 2982 2957
f 2982 2983 2958
f 153 2934 2909
f 2934 2935 2910
f 2935 2936 2911
f 2936 2937 2912
f 2937 2938 2913
f 2938 2939 2914
f 2939 2940 2915
f 2940 2941 2916
f 2941 2942 2917
f 2942 2943 2918
f 2943 2944 2919
f 2944 2945 2920
f 2945 2946 2921
f 2946 2947 2922
f 2947 2948 2923
f 2948 2949 2924
f 2949 2950 2925
f 2950 2951 2926
f 2951 2952 2927
f 2952 2953 2928
f 2953 2954 2929
f 2954 2955 2930
f 2955 2956 2931
f 2956 2957 2932
f 2957 2958 2933
f 154 2909 2884
f 2909 2910 2885
f 2910 2911 2886
f 2911 2912 2887
f 2912 2913 2888
f 2913 2914 2889
f 2914 2915 2890
f 2915 2916 2891
f 2916 2917 2892
f 2917 2918 2893
f 2918 2919 2894
f 2919 2920 2895
f 2920 2921 2896
f 2921 2922 2897
f 2922 2923 2898
f 2923 2924 2899
f 2924 2925 2900
f 2925 2926 2901
f 2926 2927 2902
f 2927 2928 2903
f 2928 2929 2904
f 2929 2930 2905
f 2930 2931 2906
f 2931 2932 2907
f 2932 2933 2908
f 155 2884 2859
f 2884 2885 2860
f 2885 2886 2861
f 2886 2887 2862
f 2887 2888 2863
f 2888 2889 2864
f 2889 2890 2865
f 2890 2891 2866
f 2891 2892 2867
f 2892 2893 2868
f 2893 2894 2869
f 2894 2895 2870
f 2895 2896 2871
f 2896 2897 2872
f 2897 2898 2873
f 2898 2899 2874
f 2899 2900 2875
f 2900 2901 2876
f 2901 2902 2877
f 2902 2903 2878
f 2903 2904 2879
f 2904 2905 2880
f 2905 2906 2881
f 2906 2907 2882
f 2907 2908 2883
f 156 2859 2834
f 2859 2860 2835
f 2860 2861 2836
f 2861 2862 2837
f 2862 2863 2838
f 2863 2864 2839
f 2864 2865 2840
f 2865 2866 2841
f 2866 2867 2842
f 2867 2868 2843
f 2868 2869 2844
f 2869 2870 2845
f 2870 2871 2846
f 2871 2872 2847
f 2872 2873 2848
f 2873 2874 2849
f 2874 2875 2850
f 2875 2876 2851
f 2876 2877 2852
f 2877 2878 2853
f 2878 2879 2854
f 2879 2880 2855
f 2880 2881 2856
f 2881 2882 2857
f 2882 2883 2858
f 157 2834 2809
f 2834 2835 2810
f 2835 2836 2811
f 2836 2837 2812
f 2837 2838 2813
f 2838 2839 2814
f 2839 2840 2815
f 2840 2841 2816
f 2841 2842 2817
f 2842 2843 2818
f 2843 2844 2819
f 2844 2845 2820
f 2845 2846 2821
f 2846 2847 2822
f 2847 2848 2823
f 2848 2849 2824
f 2849 2850 2825
f 2850 2851 2826
f 2851 2852 2827
f 2852 2853 2828
f 2853 2854 2829
f 2854 2855 2830
f 2855 2856 2831
f 2856 2857 2832
f 2857 2858 2833
f 3 158 2809
f 1483 2809 2810
f 1482 2810 2811
f 1481 2811 2812
f 1480 2812 2813
f 1479 2813 2814
f 1478 2814 2815
f 1477 2815 2816
f 1476 2816 2817
f 1475 2817 2818
f 1474 2818 2819
f 1473 2819 2820
f 1472 2820 2821
f 1471 2821 2822
f 1470 2822 2823
f 1469 2823 2824
f 1468 2824 2825
f 1467 2825 2826
f 1466 2826 2827
f 1465 2827 2828
f 1464 2828 2829
f 1463 2829 2830
f 1462 2830 2831
f 1461 2831 2832
f 1460 2832 2833
f 184 2784 2759
f 2784 2785 2760
f 2785 2786 2761
f 2786 2787 2762
f 2787 2788 2763
f 2788 2789 2764
f 2789 2790 2765
f 2790 2791 2766
f 2791 2792 2767
f 2792 2793 2768
f 2793 2794 2769
f 2794 2795 2770
f 2795 2796 2771
f 2796 2797 2772
f 2797 2798 2773
f 2798 2799 2774
f 2799 2800 2775
f 2800 2801 2776
f 2801 2802 2777
f 2802 2803 2778
f 2803 2804 2779
f 2804 2805 2780
f 2805 2806 2781
f 2806 2807 2782
f 2782 2807 2808
f 185 2759 2734
f 2759 2760 2735
f 2760 2761 2736
f 2761 2762 2737
f 2762 2763 2738
f 2763 2764 2739
f 2764 2765 2740
f 2765 2766 2741
f 2766 2767 2742
f 2767 2768 2743
f 2768 2769 2744
f 2769 2770 2745
f 2770 2771 2746
f 2771 2772 2747
f 2772 2773 2748
f 2773 2774 2749
f 2774 2775 2750
f 2775 2776 2751
f 2776 2777 2752
f 2777 2778 2753
f 2778 2779 2754
f 2779 2780 2755
f 2780 2781 2756
f 2781 2782 2757
f 2757 2782 2783
f 186 2734 2709
f 2734 2735 2710
f 2735 2736 2711
f 2736 2737 2712
f 2737 2738 2713
f 2738 2739 2714
f 2739 2740 2715
f 2740 2741 2716
f 2741 2742 2717
f 2742 2743 2718
f 2743 2744 2719
f 2744 2745 2720
f 2745 2746 2721
f 2746 2747 2722
f 2747 2748 2723
f 2748 2749 2724
f 2749 2750 2725
f 2750 2751 2726
f 2751 2752 2727
f 2752 2753 2728
f 2753 2754 2729
f 2754 2755 2730
f 2755 2756 2731
f 2756 2757 2732
f 2732 2757 2758
f 187 2709 2684
f 2709 2710 2685
f 2710 2711 2686
f 2711 2712 2687
f 2712 2713 2688
f 2713 2714 2689
f 2714 2715 2690
f 2715 2716 2691
f 2716 2717 2692
f 2717 2718 2693
f 2718 2719 2694
f 2719 2720 2695
f 2720 2721 2696
f 2721 2722 2697
f 2722 2723 2698
f 2723 2724 2699
f 2724 2725 2700
f 2725 2726 2701
f 2726 2727 2702
f 2727 2728 2703
f 2728 2729 2704
f 2729 2730 2705
f 2730 2731 2706
f 2731 2732 2707
f 2707 2732 2733
f 188 2684 2659
f 2684 2685 2660
f 2685 2686 2661
f 2686 2687 2662
f 2687 2688 2663
f 2688 2689 2664
f 2689 2690 2665
f 2690 2691 2666
f 2691 2692 2667
f 2692 2693 2668
f 2693 2694 2669
f 2694 2695 2670
f 2695 2696 2671
f 2696 2697 2672
f 2697 2698 2673
f 2698 2699 2674
f 2699 2700 2675
f 2700 2701 2676
f 2701 2702 2677
f 2702 2703 2678
f 2703 2704 2679
f 2704 2705 2680
f 2705 2706 2681
f 2706 2707 2682
f 2682 2707 2708
f 189 2659 2634
f 2659 2660 2635
f 2660 2661 2636
f 2661 2662 2637
f 2662 2663 2638
f 2663 2664 2639
f 2664 2665 2640
f 2665 2666 2641
f 2666 2667 2642
f 2667 2668 2643
f 2668 2669 2644
f 2669 2670 2645
f 2670 2671 2646
f 2671 2672 2647
f 2672 2673 2648
f 2673 2674 2649
f 2674 2675 2650
f 2675 2676 2651
f 2676 2677 2652
f 2677 2678 2653
f 2678 2679 2654
f 2679 2680 2655
f 2680 2681 2656
f 2656 2681 2682
f 2657 2682 2683
f 190 2634 2609
f 2634 2635 2610
f 2635 2636 2611
f 2636 2637 2612
f 2637 2638 2613
f 2638 2639 2614
f 2639 2640 2615
f 2640 2641 2616
f 2641 2642 2617
f 2642 2643 2618
f 2643 2644 2619
f 2644 2645 2620
f 2645 2646 2621
f 2646 2647 2622
f 2647 2648 2623
f 2648 2649 2624
f 2649 2650 2625
f 2650 2651 2626
f 2651 2652 2627
f 2652 2653 2628
f 2653 2654 2629
f 2654 2655 2630
f 2655 2656 2631
f 2631 2656 2657
f 2632 2657 2658
f 191 2609 2584
f 2609 2610 2585
f 2610 2611 2586
f 2611 2612 2587
f 2612 2613 2588
f 2613 2614 2589
f 2614 2615 2590
f 2615 2616 2591
f 2616 2617 2592
f 2617 2618 2593
f 2618 2619 2594
f 2619 2620 2595
f 2620 2621 2596
f 2621 2622 2597
f 2622 2623 2598
f 2623 2624 2599
f 2624 2625 2600
f 2625 2626 2601
f 2626 2627 2602
f 2627 2628 2603
f 2628 2629 2604
f 2629 2630 2605
f 2630 2631 2606
f 2606 2631 2632
f 2607 2632 2633
f 192 2584 2559
f 2584 2585 2560
f 2585 2586 2561
f 2586 2587 2562
f 2587 2588 2563
f 2588 2589 2564
f 2589 2590 2565
f 2590 2591 2566
f 2591 2592 2567
f 2592 2593 2568
f 2593 2594 2569
f 2594 2595 2570
f 2595 2596 2571
f 2596 2597 2572
f 2597 2598 2573
f 2598 2599 2574
f 2599 2600 2575
f 2600 2601 2576
f 2601 2602 2577
f 2577 2602 2603
f 2578 2603 2604
f 2604 2605 2580
f 2605 2606 2581
f 2581 2606 2607
f 2582 2607 2608
f 193 2559 2534
f 2559 2560 2535
f 2560 2561 2536
f 2561 2562 2537
f 2562 2563 2538
f 2563 2564 2539
f 2564 2565 2540
f 2565 2566 2541
f 2566 2567 2542
f 2567 2568 2543
f 2568 2569 2544
f 2569 2570 2545
f 2570 2571 2546
f 2571 2572 2547
f 2572 2573 2548
f 2573 2574 2549
f 2574 2575 2550
f 2550 2575 2576
f 2551 2576 2577
f 2552 2577 2578
f 2553 2578 2579
f 2554 2579 2580
f 2555 2580 2581
f 2556 2581 2582
f 2557 2582 2583
f 194 2534 2509
f 2534 2535 2510
f 2535 2536 2511
f 2536 2537 2512
f 2537 2538 2513
f 2538 2539 2514
f 2539 2540 2515
f 2540 2541 2516
f 2541 2542 2517
f 2517 2542 2543
f 2518 2543 2544
f 2544 2545 2520
f 2545 2546 2521
f 2521 2546 2547
f 2522 2547 2548
f 2548 2549 2524
f 2549 2550 2525
f 2525 2550 2551
f 2526 2551 2552
f 2552 2553 2528
f 2553 2554 2529
f 2529 2554 2555
f 2530 2555 2556
f 2556 2557 2532
f 2557 2558 2533
f 195 2509 2484
f 2484 2509 2510
f 2510 2511 2486
f 2511 2512 2487
f 2487 2512 2513
f 2513 2514 2489
f 2514 2515 2490
f 2515 2516 2491
f 2491 2516 2517
f 2492 2517 2518
f 2493 2518 2519
f 2494 2519 2520
f 2520 2521 2496
f 2521 2522 2497
f 2497 2522 2523
f 2523 2524 2499
f 2524 2525 2500
f 2500 2525 2526
f 2501 2526 2527
f 2527 2528 2503
f 2528 2529 2504
f 2504 2529 2530
f 2530 2531 2506
f 2531 2532 2507
f 2532 2533 2508
f 196 2484 2459
f 2459 2484 2485
f 2485 2486 2461
f 2486 2487 2462
f 2462 2487 2488
f 2488 2489 2464
f 2489 2490 2465
f 2490 2491 2466
f 2466 2491 2492
f 2492 2493 2468
f 2493 2494 2469
f 2469 2494 2495
f 2495 2496 2471
f 2496 2497 2472
f 2472 2497 2498
f 2498 2499 2474
f 2474 2499 2500
f 2475 2500 2501
f 2501 2502 2477
f 2477 2502 2503
f 2503 2504 2479
f 2504 2505 2480
f 2505 2506 2481
f 2506 2507 2482
f 2482 2507 2508
f 197 2459 2434
f 2459 2460 2435
f 2460 2461 2436
f 2461 2462 2437
f 2462 2463 2438
f 2463 2464 2439
f 2464 2465 2440
f 2465 2466 2441
f 2441 2466 2467
f 2467 2468 2443
f 2468 2469 2444
f 2469 2470 2445
f 2445 2470 2471
f 2471 2472 2447
f 2472 2473 2448
f 2448 2473 2474
f 2449 2474 2475
f 2475 2476 2451
f 2476 2477 2452
f 2452 2477 2478
f 2453 2478 2479
f 2479 2480 2455
f 2480 2481 2456
f 2456 2481 2482
f 2457 2482 2483
f 198 2434 2409
f 2434 2435 2410
f 2435 2436 2411
f 2436 2437 2412
f 2437 2438 2413
f 2438 2439 2414
f 2439 2440 2415
f 2440 2441 2416
f 2441 2442 2417
f 2442 2443 2418
f 2443 2444 2419
f 2444 2445 2420
f 2445 2446 2421
f 2446 2447 2422
f 2447 2448 2423
f 2448 2449 2424
f 2424 2449 2450
f 2450 2451 2426
f 2451 2452 2427
f 2427 2452 2453
f 2428 2453 2454
f 2454 2455 2430
f 2455 2456 2431
f 2431 2456 2457
f 2432 2457 2458
f 199 2409 2384
f 2409 2410 2385
f 2410 2411 2386
f 2411 2412 2387
f 2412 2413 2388
f 2413 2414 2389
f 2414 2415 2390
f 2415 2416 2391
f 2416 2417 2392
f 2417 2418 2393
f 2418 2419 2394
f 2419 2420 2395
f 2420 2421 2396
f 2421 2422 2397
f 2422 2423 2398
f 2423 2424 2399
f 2424 2425 2400
f 2425 2426 2401
f 2426 2427 2402
f 2402 2427 2428
f 2403 2428 2429
f 2429 2430 2405
f 2430 2431 2406
f 2406 2431 2432
f 2407 2432 2433
f 200 2384 2359
f 2384 2385 2360
f 2385 2386 2361
f 2386 2387 2362
f 2387 2388 2363
f 2388 2389 2364
f 2389 2390 2365
f 2390 2391 2366
f 2391 2392 2367
f 2392 2393 2368
f 2393 2394 2369
f 2394 2395 2370
f 2395 2396 2371
f 2396 2397 2372
f 2397 2398 2373
f 2398 2399 2374
f 2399 2400 2375
f 2400 2401 2376
f 2401 2402 2377
f 2402 2403 2378
f 2403 2404 2379
f 2404 2405 2380
f 2405 2406 2381
f 2381 2406 2407
f 2382 2407 2408
f 201 2359 2334
f 2359 2360 2335
f 2360 2361 2336
f 2361 2362 2337
f 2362 2363 2338
f 2363 2364 2339
f 2364 2365 2340
f 2365 2366 2341
f 2366 2367 2342
f 2367 2368 2343
f 2368 2369 2344
f 2369 2370 2345
f 2370 2371 2346
f 2371 2372 2347
f 2372 2373 2348
f 2373 2374 2349
f 2374 2375 2350
f 2375 2376 2351
f 2376 2377 2352
f 2377 2378 2353
f 2378 2379 2354
f 2379 2380 2355
f 2380 2381 2356
f 2356 2381 2382
f 2357 2382 2383
f 202 2334 2309
f 2334 2335 2310
f 2335 2336 2311
f 2336 2337 2312
f 2337 2338 2313
f 2338 2339 2314
f 2339 2340 2315
f 2340 2341 2316
f 2341 2342 2317
f 2342 2343 2318
f 2343 2344 2319
f 2344 2345 2320
f 2345 2346 2321
f 2346 2347 2322
f 2347 2348 2323
f 2348 2349 2324
f 2349 2350 2325
f 2350 2351 2326
f 2351 2352 2327
f 2352 2353 2328
f 2353 2354 2329
f 2354 2355 2330
f 2355 2356 2331
f 2331 2356 2357
f 2332 2357 2358
f 203 2309 2284
f 2309 2310 2285
f 2310 2311 2286
f 2311 2312 2287
f 2312 2313 2288
f 2313 2314 2289
f 2314 2315 2290
f 2315 2316 2291
f 2316 2317 2292
f 2317 2318 2293
f 2318 2319 2294
f 2319 2320 2295
f 2320 2321 2296
f 2321 2322 2297
f 2322 2323 2298
f 2323 2324 2299
f 2324 2325 2300
f 2325 2326 2301
f 2326 2327 2302
f 2327 2328 2303
f 2328 2329 2304
f 2329 2330 2305
f 2330 2331 2306
f 2331 2332 2307
f 2307 2332 2333
f 204 2284 2259
f 2284 2285 2260
f 2285 2286 2261
f 2286 2287 2262
f 2287 2288 2263
f 2288 2289 2264
f 2289 2290 2265
f 2290 2291 2266
f 2291 2292 2267
f 2292 2293 2268
f 2293 2294 2269
f 2294 2295 2270
f 2295 2296 2271
f 2296 2297 2272
f 2297 2298 2273
f 2298 2299 2274
f 2299 2300 2275
f 2300 2301 2276
f 2301 2302 2277
f 2302 2303 2278
f 2303 2304 2279
f 2304 2305 2280
f 2305 2306 2281
f 2306 2307 2282
f 2282 2307 2308
f 205 2259 2234
f 2259 2260 2235
f 2260 2261 2236
f 2261 2262 2237
f 2262 2263 2238
f 2263 2264 2239
f 2264 2265 2240
f 2265 2266 2241
f 2266 2267 2242
f 2267 2268 2243
f 2268 2269 2244
f 2269 2270 2245
f 2270 2271 2246
f 2271 2272 2247
f 2272 2273 2248
f 2273 2274 2249
f 2274 2275 2250
f 2275 2276 2251
f 2276 2277 2252
f 2277 2278 2253
f 2278 2279 2254
f 2279 2280 2255
f 2280 2281 2256
f 2281 2282 2257
f 2257 2282 2283
f 206 2234 2209
f 2234 2235 2210
f 2235 2236 2211
f 2236 2237 2212
f 2237 2238 2213
f 2238 2239 2214
f 2239 2240 2215
f 2240 2241 2216
f 2241 2242 2217
f 2242 2243 2218
f 2243 2244 2219
f 2244 2245 2220
f 2245 2246 2221
f 2246 2247 2222
f 2247 2248 2223
f 2248 2249 2224
f 2249 2250 2225
f 2250 2251 2226
f 2251 2252 2227
f 2252 2253 2228
f 2253 2254 2229
f 2254 2255 2230
f 2255 2256 2231
f 2256 2257 2232
f 2232 2257 2258
f 207 2209 2184
f 2209 2210 2185
f 2210 2211 2186
f 2211 2212 2187
f 2212 2213 2188
f 2213 2214 2189
f 2214 2215 2190
f 2215 2216 2191
f 2216 2217 2192
f 2217 2218 2193
f 2218 2219 2194
f 2219 2220 2195
f 2220 2221 2196
f 2221 2222 2197
f 2222 2223 2198
f 2223 2224 2199
f 2224 2225 2200
f 2225 2226 2201
f 2226 2227 2202
f 2227 2228 2203
f 2228 2229 2204
f 2229 2230 2205
f 2230 2231 2206
f 2231 2232 2207
f 2207 2232 2233
f 5 208 2184
f 1533 2184 2185
f 1532 2185 2186
f 1531 2186 2187
f 1530 2187 2188
f 1529 2188 2189
f 1528 2189 2190
f 1527 2190 2191
f 1526 2191 2192
f 1525 2192 2193
f 1524 2193 2194
f 1523 2194 2195
f 1522 2195 2196
f 1521 2196 2197
f 1520 2197 2198
f 1519 2198 2199
f 1518 2199 2200
f 1517 2200 2201
f 1516 2201 2202
f 1515 2202 2203
f 1514 2203 2204
f 1513 2204 2205
f 1512 2205 2206
f 1511 2206 2207
f 1510 2207 2208
f 2158 2183 33
f 2157 2182 2183
f 2156 2181 2182
f 2155 2180 2181
f 2154 2179 2180
f 2153 2178 2179
f 2152 2177 2178
f 2151 2176 2177
f 2150 2175 2176
f 2149 2174 2175
f 2148 2173 2174
f 2147 2172 2173
f 2146 2171 2172
f 2145 2170 2171
f 2144 2169 2170
f 2143 2168 2169
f 2142 2167 2168
f 2141 2166 2167
f 2140 2165 2166
f 2139 2164 2165
f 2138 2163 2164
f 2137 2162 2163
f 2136 2161 2162
f 2135 2160 2161
f 2134 2159 2160
f 2133 2158 32
f 2132 2157 2158
f 2131 2156 2157
f 2130 2155 2156
f 2129 2154 2155
f 2128 2153 2154
f 2127 2152 2153
f 2126 2151 2152
f 2125 2150 2151
f 2124 2149 2150
f 2123 2148 2149
f 2122 2147 2148
f 2121 2146 2147
f 2120 2145 2146
f 2119 2144 2145
f 2118 2143 2144
f 2117 2142 2143
f 2116 2141 2142
f 2115 2140 2141
f 2114 2139 2140
f 2113 2138 2139
f 2112 2137 2138
f 2111 2136 2137
f 2110 2135 2136
f 2109 2134 2135
f 2108 2133 31
f 2107 2132 2133
f 2106 2131 2132
f 2105 2130 2131
f 2104 2129 2130
f 2103 2128 2129
f 2102 2127 2128
f 2101 2126 2127
f 2100 2125 2126
f 2099 2124 2125
f 2098 2123 2124
f 2097 2122 2123
f 2096 2121 2122
f 2095 2120 2121
f 2094 2119 2120
f 2093 2118 2119
f 2092 2117 2118
f 2091 2116 2117
f 2090 2115 2116
f 2089 2114 2115
f 2088 2113 2114
f 2087 2112 2113
f 2086 2111 2112
f 2085 2110 2111
f 2084 2109 2110
f 2083 2108 30
f 2082 2107 2108
f 2081 2106 2107
f 2080 2105 2106
f 2079 2104 2105
f 2078 2103 2104
f 2077 2102 2103
f 2076 2101 2102
f 2075 2100 2101
f 2074 2099 2100
f 2073 2098 2099
f 2072 2097 2098
f 2071 2096 2097
f 2070 2095 2096
f 2069 2094 2095
f 2068 2093 2094
f 2067 2092 2093
f 2066 2091 2092
f 2065 2090 2091
f 2064 2089 2090
f 2063 2088 2089
f 2062 2087 2088
f 2061 2086 2087
f 2060 2085 2086
f 2059 2084 2085
f 2058 2083 29
f 2057 2082 2083
f 2056 2081 2082
f 2055 2080 2081
f 2054 2079 2080
f 2053 2078 2079
f 2052 2077 2078
f 2051 2076 2077
f 2050 2075 2076
f 2049 2074 2075
f 2048 2073 2074
f 2047 2072 2073
f 2046 2071 2072
f 2045 2070 2071
f 2044 2069 2070
f 2043 2068 2069
f 2042 2067 2068
f 2041 2066 2067
f 2040 2065 2066
f 2039 2064 2065
f 2038 2063 2064
f 2037 2062 2063
f 2036 2061 2062
f 2035 2060 2061
f 2034 2059 2060
f 2033 2058 28
f 2032 2057 2058
f 2031 2056 2057
f 2030 2055 2056
f 2029 2054 2055
f 2028 2053 2054
f 2027 2052 2053
f 2026 2051 2052
f 2025 2050 2051
f 2024 2049 2050
f 2023 2048 2049
f 2022 2047 2048
f 2021 2046 2047
f 2020 2045 2046
f 2019 2044 2045
f 2018 2043 2044
f 2017 2042 2043
f 2016 2041 2042
f 2015 2040 2041
f 2014 2039 2040
f 2013 2038 2039
f 2012 2037 2038
f 2011 2036 2037
f 2010 2035 2036
f 2009 2034 2035
f 2008 2033 27
f 2007 2032 2033
f 2006 2031 2032
f 2005 2030 2031
f 2004 2029 2030
f 2003 2028 2029
f 2002 2027 2028
f 2001 2026 2027
f 2000 2025 2026
f 1999 2024 2025
f 1998 2023 2024
f 1997 2022 2023
f 1996 2021 2022
f 1995 2020 2021
f 1994 2019 2020
f 1993 2018 2019
f 1992 2017 2018
f 1991 2016 2017
f 1990 2015 2016
f 1989 2014 2015
f 1988 2013 2014
f 1987 2012 2013
f 1986 2011 2012
f 1985 2010 2011
f 1984 2009 2010
f 1983 2008 26
f 1982 2007 2008
f 1981 2006 2007
f 1980 2005 2006
f 1979 2004 2005
f 1978 2003 2004
f 1977 2002 2003
f 1976 2001 2002
f 1975 2000 2001
f 1974 1999 2000
f 1973 1998 1999
f 1972 1997 1998
f 1971 1996 1997
f 1970 1995 1996
f 1969 1994 1995
f 1968 1993 1994
f 1967 1992 1993
f 1966 1991 1992
f 1965 1990 1991
f 1964 1989 1990
f 1963 1988 1989
f 1962 1987 1988
f 1961 1986 1987
f 1960 1985 1986
f 1959 1984 1985
f 1958 1983 25
f 1957 1982 1983
f 1956 1981 1982
f 1955 1980 1981
f 1954 1979 1980
f 1953 1978 1979
f 1952 1977 1978
f 1951 1976 1977
f 1950 1975 1976
f 1949 1974 1975
f 1948 1973 1974
f 1947 1972 1973
f 1946 1971 1972
f 1945 1970 1971
f 1944 1969 1970
f 1943 1968 1969
f 1942 1967 1968
f 1941 1966 1967
f 1940 1965 1966
f 1939 1964 1965
f 1938 1963 1964
f 1937 1962 1963
f 1936 1961 1962
f 1935 1960 1961
f 1934 1959 1960
f 1933 1958 24
f 1932 1957 1958
f 1931 1956 1957
f 1930 1955 1956
f 1929 1954 1955
f 1928 1953 1954
f 1927 1952 1953
f 1926 1951 1952
f 1925 1950 1951
f 1924 1949 1950
f 1923 1948 1949
f 1922 1947 1948
f 1921 1946 1947
f 1920 1945 1946
f 1919 1944 1945
f 1918 1943 1944
f 1917 1942 1943
f 1916 1941 1942
f 1915 1940 1941
f 1914 1939 1940
f 1913 1938 1939
f 1912 1937 1938
f 1911 1936 1937
f 1910 1935 1936
f 1909 1934 1935
f 1908 1933 23
f 1907 1932 1933
f 1906 1931 1932
f 1905 1930 1931
f 1904 1929 1930
f 1903 1928 1929
f 1902 1927 1928
f 1901 1926 1927
f 1900 1925 1926
f 1899 1924 1925
f 1898 1923 1924
f 1897 1922 1923
f 1896 1921 1922
f 1895 1920 1921
f 1894 1919 1920
f 1893 1918 1919
f 1892 1917 1918
f 1891 1916 1917
f 1890 1915 1916
f 1889 1914 1915
f 1888 1913 1914
f 1887 1912 1913
f 1886 1911 1912
f 1885 1910 1911
f 1884 1909 1910
f 1883 1908 22
f 1882 1907 1908
f 1881 1906 1907
f 1880 1905 1906
f 1879 1904 1905
f 1878 1903 1904
f 1877 1902 1903
f 1876 1901 1902
f 1875 1900 1901
f 1874 1899 1900
f 1873 1898 1899
f 1872 1897 1898
f 1871 1896 1897
f 1870 1895 1896
f 1869 1894 1895
f 1868 1893 1894
f 1867 1892 1893
f 1866 1891 1892
f 1865 1890 1891
f 1864 1889 1890
f 1863 1888 1889
f 1862 1887 1888
f 1861 1886 1887
f 1860 1885 1886
f 1859 1884 1885
f 1858 1883 21
f 1857 1882 1883
f 1856 1881 1882
f 1855 1880 1881
f 1854 1879 1880
f 1853 1878 1879
f 1852 1877 1878
f 1851 1876 1877
f 1850 1875 1876
f 1849 1874 1875
f 1848 1873 1874
f 1847 1872 1873
f 1846 1871 1872
f 1845 1870 1871
f 1844 1869 1870
f 1843 1868 1869
f 1842 1867 1868
f 1841 1866 1867
f 1840 1865 1866
f 1839 1864 1865
f 1838 1863 1864
f 1837 1862 1863
f 1836 1861 1862
f 1835 1860 1861
f 1834 1859 1860
f 1833 1858 20
f 1832 1857 1858
f 1831 1856 1857
f 1830 1855 1856
f 1829 1854 1855
f 1828 1853 1854
f 1827 1852 1853
f 1826 1851 1852
f 1825 1850 1851
f 1824 1849 1850
f 1823 1848 1849
f 1822 1847 1848
f 1821 1846 1847
f 1820 1845 1846
f 1819 1844 1845
f 1818 1843 1844
f 1817 1842 1843
f 1816 1841 1842
f 1815 1840 1841
f 1814 1839 1840
f 1813 1838 1839
f 1812 1837 1838
f 1811 1836 1837
f 1810 1835 1836
f 1809 1834 1835
f 1808 1833 19
f 1807 1832 1833
f 1806 1831 1832
f 1805 1830 1831
f 1804 1829 1830
f 1803 1828 1829
f 1802 1827 1828
f 1801 1826 1827
f 1800 1825 1826
f 1799 1824 1825
f 1798 1823 1824
f 1797 1822 1823
f 1796 1821 1822
f 1795 1820 1821
f 1794 1819 1820
f 1793 1818 1819
f 1792 1817 1818
f 1791 1816 1817
f 1790 1815 1816
f 1789 1814 1815
f 1788 1813 1814
f 1787 1812 1813
f 1786 1811 1812
f 1785 1810 1811
f 1784 1809 1810
f 1783 1808 18
f 1782 1807 1808
f 1781 1806 1807
f 1780 1805 1806
f 1779 1804 1805
f 1778 1803 1804
f 1777 1802 1803
f 1776 1801 1802
f 1775 1800 1801
f 1774 1799 1800
f 1773 1798 1799
f 1772 1797 1798
f 1771 1796 1797
f 1770 1795 1796
f 1769 1794 1795
f 1768 1793 1794
f 1767 1792 1793
f 1766 1791 1792
f 1765 1790 1791
f 1764 1789 1790
f 1763 1788 1789
f 1762 1787 1788
f 1761 1786 1787
f 1760 1785 1786
f 1759 1784 1785
f 1758 1783 17
f 1757 1782 1783
f 1756 1781 1782
f 1755 1780 1781
f 1754 1779 1780
f 1753 1778 1779
f 1752 1777 1778
f 1751 1776 1777
f 1750 1775 1776
f 1749 1774 1775
f 1748 1773 1774
f 1747 1772 1773
f 1746 1771 1772
f 1745 1770 1771
f 1744 1769 1770
f 1743 1768 1769
f 1742 1767 1768
f 1741 1766 1767
f 1740 1765 1766
f 1739 1764 1765
f 1738 1763 1764
f 1737 1762 1763
f 1736 1761 1762
f 1735 1760 1761
f 1734 1759 1760
f 1733 1758 16
f 1732 1757 1758
f 1731 1756 1757
f 1730 1755 1756
f 1729 1754 1755
f 1728 1753 1754
f 1727 1752 1753
f 1726 1751 1752
f 1725 1750 1751
f 1724 1749 1750
f 1723 1748 1749
f 1722 1747 1748
f 1721 1746 1747
f 1720 1745 1746
f 1719 1744 1745
f 1718 1743 1744
f 1717 1742 1743
f 1716 1741 1742
f 1715 1740 1741
f 1714 1739 1740
f 1713 1738 1739
f 1712 1737 1738
f 1711 1736 1737
f 1710 1735 1736
f 1709 1734 1735
f 1708 1733 15
f 1707 1732 1733
f 1706 1731 1732
f 1705 1730 1731
f 1704 1729 1730
f 1703 1728 1729
f 1702 1727 1728
f 1701 1726 1727
f 1700 1725 1726
f 1699 1724 1725
f 1698 1723 1724
f 1697 1722 1723
f 1696 1721 1722
f 1695 1720 1721
f 1694 1719 1720
f 1693 1718 1719
f 1692 1717 1718
f 1691 1716 1717
f 1690 1715 1716
f 1689 1714 1715
f 1688 1713 1714
f 1687 1712 1713
f 1686 1711 1712
f 1685 1710 1711
f 1684 1709 1710
f 1683 1708 14
f 1682 1707 1708
f 1681 1706 1707
f 1680 1705 1706
f 1679 1704 1705
f 1678 1703 1704
f 1677 1702 1703
f 1676 1701 1702
f 1675 1700 1701
f 1674 1699 1700
f 1673 1698 1699
f 1672 1697 1698
f 1671 1696 1697
f 1670 1695 1696
f 1669 1694 1695
f 1668 1693 1694
f 1667 1692 1693
f 1666 1691 1692
f 1665 1690 1691
f 1664 1689 1690
f 1663 1688 1689
f 1662 1687 1688
f 1661 1686 1687
f 1660 1685 1686
f 1659 1684 1685
f 1658 1683 13
f 1657 1682 1683
f 1656 1681 1682
f 1655 1680 1681
f 1654 1679 1680
f 1653 1678 1679
f 1652 1677 1678
f 1651 1676 1677
f 1650 1675 1676
f 1649 1674 1675
f 1648 1673 1674
f 1647 1672 1673
f 1646 1671 1672
f 1645 1670 1671
f 1644 1669 1670
f 1643 1668 1669
f 1642 1667 1668
f 1641 1666 1667
f 1640 1665 1666
f 1639 1664 1665
f 1638 1663 1664
f 1637 1662 1663
f 1636 1661 1662
f 1635 1660 1661
f 1634 1659 1660
f 1633 1658 12
f 1632 1657 1658
f 1631 1656 1657
f 1630 1655 1656
f 1629 1654 1655
f 1628 1653 1654
f 1627 1652 1653
f 1626 1651 1652
f 1625 1650 1651
f 1624 1649 1650
f 1623 1648 1649
f 1622 1647 1648
f 1621 1646 1647
f 1620 1645 1646
f 1619 1644 1645
f 1618 1643 1644
f 1617 1642 1643
f 1616 1641 1642
f 1615 1640 1641
f 1614 1639 1640
f 1613 1638 1639
f 1612 1637 1638
f 1611 1636 1637
f 1610 1635 1636
f 1609 1634 1635
f 1608 1633 11
f 1607 1632 1633
f 1606 1631 1632
f 1605 1630 1631
f 1604 1629 1630
f 1603 1628 1629
f 1602 1627 1628
f 1601 1626 1627
f 1600 1625 1626
f 1599 1624 1625
f 1598 1623 1624
f 1597 1622 1623
f 1596 1621 1622
f 1595 1620 1621
f 1594 1619 1620
f 1593 1618 1619
f 1592 1617 1618
f 1591 1616 1617
f 1590 1615 1616
f 1589 1614 1615
f 1588 1613 1614
f 1587 1612 1613
f 1586 1611 1612
f 1585 1610 1611
f 1584 1609 1610
f 1583 1608 10
f 1582 1607 1608
f 1581 1606 1607
f 1580 1605 1606
f 1579 1604 1605
f 1578 1603 1604
f 1577 1602 1603
f 1576 1601 1602
f 1575 1600 1601
f 1574 1599 1600
f 1573 1598 1599
f 1572 1597 1598
f 1571 1596 1597
f 1570 1595 1596
f 1569 1594 1595
f 1568 1593 1594
f 1567 1592 1593
f 1566 1591 1592
f 1565 1590 1591
f 1564 1589 1590
f 1563 1588 1589
f 1562 1587 1588
f 1561 1586 1587
f 1560 1585 1586
f 1559 1584 1585
f 1483 1583 9
f 1482 1582 1583
f 1481 1581 1582
f 1480 1580 1581
f 1479 1579 1580
f 1478 1578 1579
f 1477 1577 1578
f 1476 1576 1577
f 1475 1575 1576
f 1474 1574 1575
f 1473 1573 1574
f 1472 1572 1573
f 1471 1571 1572
f 1470 1570 1571
f 1469 1569 1570
f 1468 1568 1569
f 1467 1567 1568
f 1466 1566 1567
f 1465 1565 1566
f 1464 1564 1565
f 1463 1563 1564
f 1462 1562 1563
f 1461 1561 1562
f 1460 1560 1561
f 1459 1559 1560
f 33 2183 1509
f 2183 2182 1510
f 2182 2181 1511
f 2181 2180 1512
f 2180 2179 1513
f 2179 2178 1514
f 2178 2177 1515
f 2177 2176 1516
f 2176 2175 1517
f 2175 2174 1518
f 2174 2173 1519
f 2173 2172 1520
f 2172 2171 1521
f 2171 2170 1522
f 2170 2169 1523
f 2169 2168 1524
f 2168 2167 1525
f 2167 2166 1526
f 2166 2165 1527
f 2165 2164 1528
f 2164 2163 1529
f 2163 2162 1530
f 2162 2161 1531
f 2161 2160 1532
f 2160 2159 1533
f 6 1534 2784
f 1534 1535 2785
f 1535 1536 2786
f 1536 1537 2787
f 1537 1538 2788
f 1538 1539 2789
f 1539 1540 2790
f 1540 1541 2791
f 1541 1542 2792
f 1542 1543 2793
f 1543 1544 2794
f 1544 1545 2795
f 1545 1546 2796
f 1546 1547 2797
f 1547 1548 2798
f 1548 1549 2799
f 1549 1550 2800
f 1550 1551 2801
f 1551 1552 2802
f 1552 1553 2803
f 1553 1554 2804
f 1554 1555 2805
f 1555 1556 2806
f 1556 1557 2807
f 2807 1557 1558
f 4 1484 3409
f 1484 1485 3410
f 1485 1486 3411
f 1486 1487 3412
f 1487 1488 3413
f 1488 1489 3414
f 1489 1490 3415
f 1490 1491 3416
f 1491 1492 3417
f 1492 1493 3418
f 1493 1494 3419
f 1494 1495 3420
f 1495 1496 3421
f 1496 1497 3422
f 1497 1498 3423
f 1498 1499 3424
f 1499 1500 3425
f 1500 1501 3426
f 1501 1502 3427
f 1502 1503 3428
f 1503 1504 3429
f 1504 1505 3430
f 1505 1506 3431
f 1506 1507 3432
f 1507 1508 3433
